-- phpMyAdmin SQL Dump
-- version 5.2.1
-- https://www.phpmyadmin.net/
--
-- Servidor: localhost:3306
-- Tiempo de generación: 22-02-2023 a las 02:37:07
-- Versión del servidor: 10.1.48-MariaDB
-- Versión de PHP: 7.4.19

SET SQL_MODE = "NO_AUTO_VALUE_ON_ZERO";
START TRANSACTION;
SET time_zone = "+00:00";


/*!40101 SET @OLD_CHARACTER_SET_CLIENT=@@CHARACTER_SET_CLIENT */;
/*!40101 SET @OLD_CHARACTER_SET_RESULTS=@@CHARACTER_SET_RESULTS */;
/*!40101 SET @OLD_COLLATION_CONNECTION=@@COLLATION_CONNECTION */;
/*!40101 SET NAMES utf8mb4 */;

--
-- Base de datos: `qjl`
--

-- --------------------------------------------------------

--
-- Estructura de tabla para la tabla `administrador`
--

CREATE TABLE `administrador` (
  `adm_id` int(11) NOT NULL,
  `adm_ci_nit` int(11) DEFAULT NULL,
  `adm_nombre` varchar(45) COLLATE utf8_spanish_ci DEFAULT NULL,
  `adm_direccion` varchar(45) COLLATE utf8_spanish_ci DEFAULT NULL,
  `adm_celular` int(11) DEFAULT NULL,
  `adm_area` varchar(45) COLLATE utf8_spanish_ci DEFAULT NULL,
  `adm_fecha_registro` varchar(45) COLLATE utf8_spanish_ci DEFAULT NULL,
  `adm_usuario` varchar(45) COLLATE utf8_spanish_ci DEFAULT NULL,
  `adm_pass` varchar(45) COLLATE utf8_spanish_ci DEFAULT NULL,
  `adm_rol` varchar(45) COLLATE utf8_spanish_ci NOT NULL
) ENGINE=InnoDB DEFAULT CHARSET=utf8 COLLATE=utf8_spanish_ci ROW_FORMAT=COMPACT;

--
-- Volcado de datos para la tabla `administrador`
--

INSERT INTO `administrador` (`adm_id`, `adm_ci_nit`, `adm_nombre`, `adm_direccion`, `adm_celular`, `adm_area`, `adm_fecha_registro`, `adm_usuario`, `adm_pass`, `adm_rol`) VALUES
(1, 1, 'DR. JORGE L. HERBAS HUAYLLAS', '', 71100263, 'JURIDICA', '01/07/2022', 'jorge', 'bd9aa0fc57b1c8cffd3afd1500b41a5f34ab5431', 'admin'),
(2, 2, 'DR. BARBARA NOHRA CALLE POMA', NULL, 75702244, 'JURIDICA', '01/07/2022', 'barbara', '2664ac13c6a941cb7c07411216073c9f3ed30715', 'admin'),
(3, 3, 'DR. PABLO HERBAS HUAYLLAS', NULL, 77156546, 'JURIDICA', '01/07/2022', 'pablo', '707d14912bb250caf67dfe0ea4035681fbfc4f56', 'admin'),
(4, 4, 'NURIA CLAVIJO', NULL, 62827892, 'JURIDICA', '01/07/2022', 'nuria', 'e9469a9213e8fc565b3ef92d51b54557856996e4', 'admin'),
(6, 6, 'LIC. MARIBEL ', NULL, 68295099, 'CONTABILIDAD', '01/07/2022', NULL, NULL, 'admin'),
(7, 7, 'MICHELLE DE LOS ANGELES COSSIO MORALES', NULL, 74472302, 'JURIDICA', '01/07/2022', 'michelle', '7212a9e01329ea93a57f574bd9bf77695d5fdca4', 'admin'),
(8, 8, 'WALTER PINAYA SANTOS', NULL, 76152989, 'MARKETING', '01/07/2022', 'walterps', 'e21b52fedcbc7dc9d3e403df3d342bfd22aa93b4', 'admin'),
(9, 9, 'JOSE LUIS LLAMPA COLQUE', NULL, 77159196, 'MARKETING', '31/10/2022', 'lcjl312', 'fa947cf8d151e066bc44ca6c27a42cbcbf73f1e9', 'admin'),
(10, 5755991, 'ROMELL S. GALINDO MORALES', NULL, 72333960, 'JURIDICA', NULL, 'romell', '4d2a80a18e7d0ce8beeb64cc9884f442ff25c991', 'admin'),
(11, 0, 'ASISTENTE 1', NULL, 0, 'JURIDICA', NULL, 'asistente1', '524804e794db44def9cac98870ccfa963edc20b5', 'admin');

-- --------------------------------------------------------

--
-- Estructura de tabla para la tabla `archivo`
--

CREATE TABLE `archivo` (
  `arch_id` int(11) NOT NULL,
  `arch_numero` varchar(16) COLLATE utf8_spanish_ci DEFAULT NULL,
  `arch_gestion` int(11) DEFAULT NULL,
  `arch_detalle` varchar(255) COLLATE utf8_spanish_ci DEFAULT NULL,
  `arch_codigo` int(16) DEFAULT NULL,
  `arch_observacion` int(64) DEFAULT NULL
) ENGINE=InnoDB DEFAULT CHARSET=utf8 COLLATE=utf8_spanish_ci ROW_FORMAT=COMPACT;

-- --------------------------------------------------------

--
-- Estructura de tabla para la tabla `caja`
--

CREATE TABLE `caja` (
  `caja_id` int(11) NOT NULL,
  `adm_id` int(11) DEFAULT NULL,
  `caja_administrador` varchar(45) COLLATE utf8_spanish_ci DEFAULT NULL,
  `caja_fecha_apertura` datetime DEFAULT NULL,
  `caja_monto_inicial` decimal(7,2) DEFAULT NULL,
  `caja_fecha_cierre` datetime DEFAULT NULL,
  `caja_monto_final` decimal(7,2) DEFAULT NULL,
  `caja_estado` int(11) DEFAULT NULL,
  `caja_cambio` decimal(7,2) DEFAULT NULL
) ENGINE=InnoDB DEFAULT CHARSET=utf8 COLLATE=utf8_spanish_ci ROW_FORMAT=COMPACT;

-- --------------------------------------------------------

--
-- Estructura de tabla para la tabla `cliente`
--

CREATE TABLE `cliente` (
  `cli_id` int(11) NOT NULL,
  `cli_ci_nit` bigint(20) DEFAULT NULL,
  `cli_nombre` varchar(45) COLLATE utf8_spanish_ci DEFAULT NULL,
  `cli_genero` varchar(10) COLLATE utf8_spanish_ci DEFAULT NULL,
  `cli_direccion` varchar(45) COLLATE utf8_spanish_ci DEFAULT NULL,
  `cli_celular` int(11) DEFAULT NULL,
  `cli_fecha_registro` datetime DEFAULT NULL,
  `cli_saldo_billetera` decimal(7,2) DEFAULT NULL
) ENGINE=InnoDB DEFAULT CHARSET=utf8 COLLATE=utf8_spanish_ci ROW_FORMAT=COMPACT;

--
-- Volcado de datos para la tabla `cliente`
--

INSERT INTO `cliente` (`cli_id`, `cli_ci_nit`, `cli_nombre`, `cli_genero`, `cli_direccion`, `cli_celular`, `cli_fecha_registro`, `cli_saldo_billetera`) VALUES
(2, 6691185, 'ZULMA DAYSI MIRANDA YUCRA', 'FEMENINO', '0', 0, '2023-01-12 15:44:29', NULL),
(3, 9232020, 'ANDREA SURCO APANQUI', 'FEMENINO', '0', 0, '2023-01-12 15:46:47', NULL),
(4, 0, 'TRANS ROSARIO', 'OTRO', '0', 0, '2023-01-12 16:01:26', NULL),
(5, 4025939, 'LINDA EIMY ESCOBAR GUZMAN', 'FEMENINO', '', 0, '2023-01-12 17:43:26', NULL),
(6, 7355236, 'NADIA MELVA CACERES CHOQUECALLATA', 'FEMENINO', '', 0, '2023-01-12 17:48:12', NULL),
(7, 7352018, 'ISMAEL QUISPE BARRA', 'MASCULINO', '', 0, '2023-01-12 17:50:28', NULL),
(8, 7323938, 'MELVA COLQUE LUCANA', 'FEMENINO', '', 0, '2023-01-12 17:52:14', NULL),
(9, 4024967, 'NARDY CHOQUECALLATA MAMANI', 'FEMENINO', '', 0, '2023-01-12 17:54:22', NULL),
(10, 12964810, 'JONATHAN JORGE RODRIGUEZ MARTINEZ', 'MASCULINO', '', 0, '2023-01-12 17:56:17', NULL),
(11, 0, 'DORIS CABRERA CHOQUE', 'FEMENINO', '0', 0, '2023-01-12 18:02:34', NULL),
(12, 5762462, 'ALFONSO ROBERTO BEJARANO RAMIREZ', 'MASCULINO', '', 0, '2023-01-12 18:48:18', NULL),
(13, 7304821, 'TATIANA  QUISBERT VARGAS', 'FEMENINO', 'AV.AMERICA Nº 666 CAP.BARRIGA Y GERMANIA OR.', 74472302, '2023-01-17 09:20:20', NULL),
(14, 7335276, 'MARY CRUZ FLORES ADRIAN', 'FEMENINO', 'MONTESINOS TACNA Y TARAPACA', 0, '2023-01-17 09:36:46', NULL),
(15, 3531750, 'NICANOR DIEGO APAZA', 'MASCULINO', 'LOCALIDAD DE VICHULOMA', 0, '2023-01-17 09:52:28', NULL),
(16, 2739609, 'FRESIA CARMINIA NICAELA FLORES SANDOVAL', 'FEMENINO', 'SORIA GALVARRO N°5977 Y ADOLFO MIER', 0, '2023-01-17 10:38:38', NULL),
(17, 0, 'RUBEN LAURA TAPIA ', 'MASCULINO', '', 0, '2023-01-17 10:45:01', NULL),
(18, 0, 'RENE CARLOS CAHUANA CHOQUE', '- - - - SE', '', 0, '2023-01-17 10:49:59', NULL),
(19, 0, 'JUSTINIANO BARRA ZARCO', '- - - - SE', '', 0, '2023-01-17 10:52:11', NULL),
(20, 0, 'RICHARD ALVAREZ', '- - - - SE', '', 0, '2023-01-17 10:55:36', NULL),
(21, 0, 'IGNACIO CHIRINOS', '- - - - SE', '', 0, '2023-01-17 10:59:40', NULL),
(22, 0, 'ALVARO GUSTAVO CAMACHO ESPADA', 'MASCULINO', 'O', 0, '2023-01-17 11:06:44', NULL),
(23, 0, 'ALVARO GUSTAVO CAMACHO ESPADA', 'MASCULINO', '0', 0, '2023-01-17 11:07:15', NULL),
(24, 0, 'JUAN ZEGARRA AGUILAR ', '- - - - SE', '', 0, '2023-01-17 12:17:04', NULL),
(25, 0, 'WILMER PASTOR CUCHO CUTIPA', '- - - - SE', '', 0, '2023-01-17 12:20:36', NULL),
(26, 0, 'MERY ARANIBAR CHOQUE', '- - - - SE', '', 0, '2023-01-17 12:24:37', NULL),
(27, 0, 'NEMIO OCAÑA MOLINA', '- - - - SE', '', 0, '2023-01-17 12:29:53', NULL),
(28, 0, 'WILSON BEJARANO CHOQUE', '- - - - SE', '', 0, '2023-01-17 12:33:37', NULL),
(29, 0, 'VIRGINIA ALANOCA VILLCA', '- - - - SE', '', 0, '2023-01-17 12:37:00', NULL),
(30, 0, 'BARBARA NOHRA CALLE POMA', 'FEMENINO', '', 0, '2023-01-18 11:46:10', NULL),
(31, 7342129, 'HERLAN G. QUINAYA HUARAYO', 'MASCULINO', '', 67250510, '2023-01-18 11:50:31', NULL),
(32, 0, 'IMPORT EXPORT QUISGIL', '- - - - SE', '', 0, '2023-01-24 16:52:31', NULL),
(33, 0, 'VICTOR VICENTE COLQUE MAMANI', '- - - - SE', '', 0, '2023-01-24 16:55:56', NULL),
(34, 0, 'HUNER SAMUEL VILCHES MAMANI', '- - - - SE', '', 0, '2023-01-24 16:59:27', NULL),
(35, 0, 'ZENAIDA MONTECINOS VILLCA', '- - - - SE', '', 0, '2023-01-24 17:01:24', NULL),
(36, 0, 'JHOSALYN JHANIRA VILLCA COLQUE', '- - - - SE', '', 0, '2023-01-24 17:03:24', NULL);

-- --------------------------------------------------------

--
-- Estructura de tabla para la tabla `compra`
--

CREATE TABLE `compra` (
  `comp_id` int(11) NOT NULL,
  `prod_id` int(11) DEFAULT NULL,
  `comp_caducidad` varchar(45) CHARACTER SET utf8 COLLATE utf8_spanish2_ci DEFAULT NULL,
  `comp_detalle` varchar(90) CHARACTER SET utf8 COLLATE utf8_spanish2_ci DEFAULT NULL,
  `comp_cantidad` varchar(45) CHARACTER SET utf8 COLLATE utf8_spanish2_ci DEFAULT NULL,
  `comp_subtotal` varchar(45) CHARACTER SET utf8 COLLATE utf8_spanish2_ci DEFAULT NULL,
  `comp_precio_unitario` varchar(45) CHARACTER SET utf8 COLLATE utf8_spanish2_ci DEFAULT NULL,
  `comp_fecha_registro` varchar(45) CHARACTER SET utf8 COLLATE utf8_spanish2_ci DEFAULT NULL,
  `comp_vendedor` varchar(45) CHARACTER SET utf8 COLLATE utf8_spanish2_ci DEFAULT NULL,
  `comp_tipo` varchar(45) CHARACTER SET utf8 COLLATE utf8_spanish2_ci DEFAULT NULL
) ENGINE=InnoDB DEFAULT CHARSET=utf8 COLLATE=utf8_spanish_ci ROW_FORMAT=COMPACT;

-- --------------------------------------------------------

--
-- Estructura de tabla para la tabla `configuracion`
--

CREATE TABLE `configuracion` (
  `num_tramite` int(11) NOT NULL,
  `fecha_inicio` date DEFAULT NULL,
  `fecha_fin` date DEFAULT NULL,
  `dia` date DEFAULT NULL,
  `mes` varchar(255) CHARACTER SET utf8 COLLATE utf8_unicode_ci DEFAULT NULL,
  `year` varchar(255) CHARACTER SET utf8 COLLATE utf8_unicode_ci DEFAULT NULL,
  `numero_detalle` int(11) DEFAULT NULL,
  `hoja_id` varchar(45) CHARACTER SET utf8 COLLATE utf8_unicode_ci DEFAULT NULL,
  `cli_id` varchar(45) CHARACTER SET utf8 COLLATE utf8_unicode_ci DEFAULT NULL,
  `tipo_cambio` decimal(7,2) DEFAULT NULL,
  `prod_barcode` varchar(45) CHARACTER SET utf8 COLLATE utf8_unicode_ci DEFAULT NULL
) ENGINE=InnoDB DEFAULT CHARSET=utf8 COLLATE=utf8_spanish_ci ROW_FORMAT=COMPACT;

--
-- Volcado de datos para la tabla `configuracion`
--

INSERT INTO `configuracion` (`num_tramite`, `fecha_inicio`, `fecha_fin`, `dia`, `mes`, `year`, `numero_detalle`, `hoja_id`, `cli_id`, `tipo_cambio`, `prod_barcode`) VALUES
(0, NULL, NULL, NULL, NULL, NULL, NULL, '40', NULL, NULL, NULL);

-- --------------------------------------------------------

--
-- Estructura de tabla para la tabla `detalle_factura`
--

CREATE TABLE `detalle_factura` (
  `det_id` int(11) NOT NULL,
  `fac_id` int(11) DEFAULT NULL,
  `prod_id` int(11) NOT NULL,
  `det_producto` varchar(200) COLLATE utf8_spanish_ci NOT NULL,
  `det_cantidad` int(11) NOT NULL,
  `det_precio_unitario` decimal(7,2) NOT NULL,
  `det_subtotal` decimal(7,2) NOT NULL,
  `det_utilidad` decimal(7,2) NOT NULL,
  `det_fecha` date DEFAULT NULL,
  `det_codigo` varchar(10) COLLATE utf8_spanish_ci DEFAULT NULL
) ENGINE=InnoDB DEFAULT CHARSET=utf8 COLLATE=utf8_spanish_ci ROW_FORMAT=COMPACT;

-- --------------------------------------------------------

--
-- Estructura de tabla para la tabla `eventos`
--

CREATE TABLE `eventos` (
  `id` int(11) NOT NULL,
  `titulo` varchar(255) COLLATE utf8_spanish_ci DEFAULT NULL,
  `descripcion` text COLLATE utf8_spanish_ci,
  `inicio` datetime DEFAULT NULL,
  `fin` datetime DEFAULT NULL,
  `colortexto` varchar(7) COLLATE utf8_spanish_ci DEFAULT NULL,
  `colorfondo` varchar(7) COLLATE utf8_spanish_ci DEFAULT NULL
) ENGINE=InnoDB DEFAULT CHARSET=utf8 COLLATE=utf8_spanish_ci ROW_FORMAT=COMPACT;

--
-- Volcado de datos para la tabla `eventos`
--

INSERT INTO `eventos` (`id`, `titulo`, `descripcion`, `inicio`, `fin`, `colortexto`, `colorfondo`) VALUES
(1, 'COMUNICARSE CON DEFENSOR DE OFICIO', 'ANDREA SURCO APANQUI, ', '0000-00-00 00:00:00', '0000-00-00 00:00:00', '#414d5f', '#414d5f'),
(2, 'SOLICITAR ENLACE PARA AUDIENCIA ', 'ANDREA SURCO APANQUI, TOMAR EN CUNETA QUE EL ENLACE PARA LA AUDIENCIA DEBE SOLICTARSE A LAS 9 AM, YA QUE LA AUDIENCIA ES A LAS 10:00 DEL MISMO DIA', '2023-01-25 10:00:00', '2023-01-25 10:00:00', '#414d5f', '#414d5f'),
(3, 'DISEÑAR ESTRATEGIA JURIDICA', 'TRANS ROSARIO, RECORDARME ANTES DE LA REUNION ', '0000-00-00 00:00:00', '0000-00-00 00:00:00', '#414d5f', '#414d5f'),
(4, 'FUI A ENTREGAR MEMORIALES', 'TRANS ROSARIO, IR A REVISAR EL DECRETO', '0000-00-00 00:00:00', '0000-00-00 00:00:00', '#414d5f', '#414d5f'),
(5, 'REVISAR SISTEMA, RESPUESTA DE MANDAMIENTO DE APREHENSION', 'DORIS CABRERA, REVISAR URGENTE, ', '0000-00-00 00:00:00', '0000-00-00 00:00:00', '#414d5f', '#414d5f'),
(6, 'MARKETING - MCDONALDS', '', '2023-01-10 00:00:00', '2023-01-10 00:00:00', '#5553ce', '#5553ce'),
(7, 'MARKETING - NESTLE', 'EXPOSICION JOSE LUIS', '2023-01-17 18:00:00', '2023-01-17 18:30:00', '#5553ce', '#5553ce'),
(8, '', 'ANDREA SURCO APANQUI, ', '2023-01-25 10:00:00', '2023-01-25 10:00:00', '#414d5f', '#414d5f'),
(9, '', 'NADIA MELVA CACERES CHOQUECALLATA, ', '0000-00-00 00:00:00', '0000-00-00 00:00:00', '#414d5f', '#414d5f'),
(10, 'SE SUBSANO LAS OBSERVACIONES ', 'ISMAEL QUISPE BARRA, SE TIENE PROGRAMADO CITACION Y EMPLAZAMIENTO PARA FECHA 23/01/2023 A HORAS 11:00 A.M.\r\n', '0000-00-00 00:00:00', '0000-00-00 00:00:00', '#414d5f', '#414d5f'),
(11, 'SE PRESENTO EL CERTIFICADO DE SERECI (16/01/2023)', 'MELVA COLQUE LUCANA, ', '0000-00-00 00:00:00', '0000-00-00 00:00:00', '#414d5f', '#414d5f'),
(12, 'EL PROCESO FUE DERIVADO POR DECLINATORIA AL JUZGADO DEL MUNICIPIO DE POOPO', 'NARDY CHOQUECALLATA MAMANI, EN PRESIDENCIA INDICARON QUE LOS RESPONSABLES DEL JUZGADO DE POOPO,AUN NO PASARON A RECOGER DOCUMENTACION.\r\n', '0000-00-00 00:00:00', '0000-00-00 00:00:00', '#414d5f', '#414d5f'),
(13, 'REVISAR PROCESO PARA RESOLUCION DE TERCERIA DE DOMINIO EXCLUYENTE', 'MARY CRUZ FLORES ADRIAN, ', '0000-00-00 00:00:00', '0000-00-00 00:00:00', '#414d5f', '#414d5f'),
(14, 'PARA MARTES 24 DE ENERO A HORAS 09:30 EJECUTAR MANDAMIENTO DE EMBARGO', 'MARY CRUZ FLORES ADRIAN, LLEVAR POLICIAS, SERRAJERO, DIO Y ESTIVADORES', '0000-00-00 00:00:00', '0000-00-00 00:00:00', '#414d5f', '#414d5f'),
(15, 'SE DEJO RECAUDOS EN LA GAMO PARA QUE EMITAN CERTIFICACION DE BIENES INMUEBLES DE LA DEMANDADA', 'MARY CRUZ FLORES ADRIAN, ', '0000-00-00 00:00:00', '0000-00-00 00:00:00', '#414d5f', '#414d5f'),
(16, 'SE CORDINO PARA LIBRAR EL EDICTO', 'NICANOR DIEGO APAZA, RECOGER PARA EL JUEVES 19 DE ENERO DE 2023', '0000-00-00 00:00:00', '0000-00-00 00:00:00', '#414d5f', '#414d5f'),
(17, '1. SE PRESENTO MEMORIAL DE  LO OBSERVADO 2. SE COORDINO SESION PSICOLOGICA EN SE.DE.GES.', 'JONATHAN JORGE RODRIGUEZ MARTINEZ, MAÑANA SEDEBE COORDINAR CON TRABAJADORA SOCIAL EN SE.DE.GES A HORAS 08:30', '0000-00-00 00:00:00', '0000-00-00 00:00:00', '#414d5f', '#414d5f'),
(18, 'FAVOR REMITIR EL NUMERO DE CELULAR PARA REALIZAR LA LLAMADA', 'ANDREA SURCO APANQUI, NO SE REALIZO LA TAREA, A FALTA  DEL NUMERO DE CONTACTO,QUE NO REMITIO EL DR. HERBAS', '0000-00-00 00:00:00', '0000-00-00 00:00:00', '#414d5f', '#414d5f'),
(19, 'AUDIENCIA FALSIFICACIÓN DE DOCUMENTOS ADUANEROS', 'CONTINUACIÓN DE JUICIO, CULMINACIÓN PRODUCCIÓN DE PRUEBA', '2023-02-17 08:30:00', '2023-02-17 10:00:00', '#414d5f', '#414d5f'),
(20, 'ECHA DE NOTIFICACIÓN ESTÁ AGENDADA PARA EL DIA VIERNES 20 DE ENERO A LAS 14:15    ', 'HERLAN HUARAYO, AUDIENCIA ES EL DIA VIERNES 27 DE ENERO A LAS 8:30', '0000-00-00 00:00:00', '0000-00-00 00:00:00', '#414d5f', '#414d5f'),
(21, 'CONSIDERAR LA ASISTENCVIA FAMILIAR EVENTUAL PARA LA MADRE, Y LOS HIJOS', 'TATIANA  QUISBERT VARGAS, ', '0000-00-00 00:00:00', '0000-00-00 00:00:00', '#414d5f', '#414d5f'),
(22, 'REVISAR EL EXPEDIENTE', 'NADIA MELVA CACERES CHOQUECALLATA, ', '0000-00-00 00:00:00', '0000-00-00 00:00:00', '#414d5f', '#414d5f'),
(23, 'REALIZAR MEMORIAL SOLICITANDO NOTIFICACIÓN DE POR EDICTOS', 'MARY CRUZ FLORES ADRIAN, ', '0000-00-00 00:00:00', '0000-00-00 00:00:00', '#414d5f', '#414d5f'),
(24, 'EL MEMORIAL DE FECHA 13 DE ENERO DE 2023 SIGUE EN DESPACHO', 'BARBARA NOHRA CALLE POMA, REGRESAR MAÑANA', '0000-00-00 00:00:00', '0000-00-00 00:00:00', '#414d5f', '#414d5f'),
(25, 'ME NOTIFIQUE, SIGUE EN DESPACHO. PRESENTE MEMORIAL PARA EDICTO', 'MARY CRUZ FLORES ADRIAN, NOS NOTIFICAMOS PORQUE EL PROCESO AUN SIGUE EN DESPACHO', '0000-00-00 00:00:00', '0000-00-00 00:00:00', '#414d5f', '#414d5f'),
(26, 'HOY POR LA MAÑANA SE COORDINO CON EL ÁREA SOCIAL DE SE.DE.GES. Y PROGRAMO LA INSPECCION PARA FECHA 03/02/2023 A HORAS 14:30 P.M. AL RESPECTO YA SE COMUNICO AL CLIENTE ', 'JONATHAN JORGE RODRIGUEZ MARTINEZ, ', '0000-00-00 00:00:00', '0000-00-00 00:00:00', '#414d5f', '#414d5f'),
(27, 'SE REALIZÓ LA REVISÓN DEL EXPEDIENTE, EL JUEZ EMITIO DECRETO PARA COMISIÓN INSTRUIDA', 'MELVA COLQUE LUCANA, LA RESPONSABLE DEL PROCESO  NO ESTABA PRESENTE, SE REALIZARÁ LA COORDINACIÓN EN FECHA 19/01/2023 PARA LA EMISION D ELA COMISIÓN INSTRUIDA', '0000-00-00 00:00:00', '0000-00-00 00:00:00', '#414d5f', '#414d5f'),
(28, 'SALIO DECRETO DE 16 DE ENERO DE 2023, LIBRO EDICTOS Y SEÑALO DIA Y HORA DE AUDIENCIA', 'BARBARA NOHRA CALLE POMA, OJO, FECHA DE AUDIENCIA 24 DE FEBRERO DE 2023 A HORAS 16:00', '2023-02-24 16:00:00', '2023-02-24 16:00:00', '#414d5f', '#414d5f'),
(29, 'FUI A COORDINAR MANDAMIENTO DE EMBARGO CON LA DIO', 'MARY CRUZ FLORES ADRIAN, MANDAMIENTO DE EMBARGO PARA EL 24 DE ENERO DE 2023', '0000-00-00 00:00:00', '0000-00-00 00:00:00', '#414d5f', '#414d5f'),
(30, 'EL PROCESO SIGUE EN DESPACHO', 'MARY CRUZ FLORES ADRIAN, SEGUIR EN SEGUIMIENTO', '0000-00-00 00:00:00', '0000-00-00 00:00:00', '#414d5f', '#414d5f'),
(31, 'SEGUIMIENTO', 'BARBARA NOHRA CALLE POMA, COORDINAR NOTIFICIACIÓN POR EDICTO', '0000-00-00 00:00:00', '0000-00-00 00:00:00', '#414d5f', '#414d5f'),
(32, 'SEGUIMIENTO', 'NICANOR DIEGO APAZA, RECOGER EDICTOS Y COORDINAR SU NOTIFICACIÓN GACETA JURIDICA ', '0000-00-00 00:00:00', '0000-00-00 00:00:00', '#414d5f', '#414d5f'),
(33, 'SEGUIMIENTO', 'ALVARO GUSTAVO CAMACHO ESPADA, REVISAR E INFORMAR EL ESTADO\r\n\r\n', '0000-00-00 00:00:00', '0000-00-00 00:00:00', '#414d5f', '#414d5f'),
(34, 'SEGUIMIENTO', 'MARY CRUZ FLORES ADRIAN, SOLICITAR INFORMACIÓN DEL EMBARGO, APURAR YA QUE DESPUES SE DEBE SOLICITAR LA VALORACIÓN', '0000-00-00 00:00:00', '0000-00-00 00:00:00', '#414d5f', '#414d5f'),
(35, 'PROYECTAR', 'MARY CRUZ FLORES ADRIAN, PROYECTAR MEMORIAL SOLICITANDO LA RESOLUCIÓN', '0000-00-00 00:00:00', '0000-00-00 00:00:00', '#414d5f', '#414d5f'),
(36, 'SEGUIMIENTO', 'BANCO CENTRAL DE BOLIVIA, REVISAR RESOLUCIÓN', '0000-00-00 00:00:00', '0000-00-00 00:00:00', '#414d5f', '#414d5f'),
(37, 'PROYECTAR', 'NADIA MELVA CACERES CHOQUECALLATA, PROYECTAR MEMORIAL DE CUPLO LO DISPUESTO, TE ENVIE LAS NOTAS', '0000-00-00 00:00:00', '0000-00-00 00:00:00', '#414d5f', '#414d5f'),
(38, 'SEGUIMIENTO', 'ZENAIDA MONTECINOS VILLCA, REVISAR SI YA SALIÓ LA RESOLUCIÓN', '0000-00-00 00:00:00', '0000-00-00 00:00:00', '#414d5f', '#414d5f'),
(39, 'SEGUIMIENTO', 'HUNER SAMUEL VILCHES MAMANI, REVISAR EN LA AIT SI YA SALIÓ RESOLUCIÓN', '0000-00-00 00:00:00', '0000-00-00 00:00:00', '#414d5f', '#414d5f'),
(40, 'SEGUIMIENTO', 'VICTOR VICENTE COLQUE MAMANI, REVISAR EL ESTADO DEL CASO', '0000-00-00 00:00:00', '0000-00-00 00:00:00', '#414d5f', '#414d5f'),
(41, 'SEGUIMIENTO', 'IMPORT EXPORT QUISGIL, RECOGER EN LA AIT, EL AUTO DE ADMISIÓN Y REVISAR EL ESTADO DEL CASO', '0000-00-00 00:00:00', '0000-00-00 00:00:00', '#414d5f', '#414d5f'),
(42, 'SEGUIMIENTO', 'BANCO CENTRAL DE BOLIVIA, REVISAR SI SALIÓ DE DESPACHO LA RESOLUCIÓN', '0000-00-00 00:00:00', '0000-00-00 00:00:00', '#414d5f', '#414d5f'),
(43, 'SEGUIMIENTO', 'ALVARO GUSTAVO CAMACHO ESPADA, DE ACUERDO A LA INFORMACIÓN SE TIENE QUE ITCUP, SOLICITO AMPLIACIO DE PLAZO DONDE EL JUEZ CONCEDIÓ LO SOLICITADO EN UN PAZO DE 5 DIAS, MISMO QUE FUE NOTIFIADIO A LAS PARTES E ITCUP EN FECHA 20 DE ENERO DE 2023, POR LO QUE SE DEBE REVISAR EN LA FECHA ESTABELCIDA', '0000-00-00 00:00:00', '0000-00-00 00:00:00', '#414d5f', '#414d5f'),
(44, 'PRESENTAR', 'HERLAN HUARAYO, SE PRESENTO LA SOLICITUD DE FOTOCOPIAS LEGALIZADAS', '0000-00-00 00:00:00', '0000-00-00 00:00:00', '#414d5f', '#414d5f'),
(45, 'SEGUIMIENTO', 'HERLAN G. QUINAYA HUARAYO, SE PRESENTO MEMORIAL DE SOLICITUD DE FOTOCOPIAS LEGALIZADAS QUE SE PRESENTO EN FECHA 25/01/20233', '0000-00-00 00:00:00', '0000-00-00 00:00:00', '#414d5f', '#414d5f'),
(46, 'PRESENTAR', 'NEMIO OCAÑA MOLINA, SE PRESENTO MEMORIAL A LA FISCALIA DE CORRUPCION COMO APERSONAMIENTO', '0000-00-00 00:00:00', '0000-00-00 00:00:00', '#414d5f', '#414d5f'),
(47, 'PRESENTAR', 'MERY ARANIBAR CHOQUE, SE PRESENTO MEMORIAL A LA FISCALIA DE CORRUPCION COMO APERSONAMIENTO', '0000-00-00 00:00:00', '0000-00-00 00:00:00', '#414d5f', '#414d5f'),
(48, 'PRESENTAR', 'MERY ARANIBAR CHOQUE, PRESENTAR MEMORIAL DE APERSONAMIENTO', '0000-00-00 00:00:00', '0000-00-00 00:00:00', '#414d5f', '#414d5f'),
(49, 'SEGUIMIENTO', 'MERY ARANIBAR CHOQUE, REVISAR LA RESPUESTA AL MEMORIAL PRESENTADO ', '0000-00-00 00:00:00', '0000-00-00 00:00:00', '#414d5f', '#414d5f'),
(50, 'SEGUIMIENTO', 'JUAN ZEGARRA AGUILAR , REVISAR DONDE EL FISCAL DE DISTRITO SIN YA SALIÓ LA RESOLUCIÓN JERARQUICA', '0000-00-00 00:00:00', '0000-00-00 00:00:00', '#414d5f', '#414d5f'),
(51, 'SEGUIMIENTO', 'TATIANA  QUISBERT VARGAS, REVISAR SI YA SALIÓ LA RESPUESTA DE LA DEMANDA PRESENTADA', '0000-00-00 00:00:00', '0000-00-00 00:00:00', '#414d5f', '#414d5f'),
(52, 'SEGUIMIENTO', 'NARDY CHOQUECALLATA MAMANI, INFORMAR EL ESTADO DEL CASO', '0000-00-00 00:00:00', '0000-00-00 00:00:00', '#414d5f', '#414d5f'),
(53, 'PRESENTAR', 'NADIA MELVA CACERES CHOQUECALLATA, PRESENTAR EL MEMORIAL CON LAS DIRECTRISIS ACORDADAS', '0000-00-00 00:00:00', '0000-00-00 00:00:00', '#414d5f', '#414d5f'),
(54, 'SEGUIMIENTO', 'ANDREA SURCO APANQUI, PRESENTAR MEMORIAL PIDIENDO LA EJECUTORIA DE LA SENTENCIA', '0000-00-00 00:00:00', '0000-00-00 00:00:00', '#414d5f', '#414d5f'),
(55, 'SEGUIMIENTO', 'JUAN ZEGARRA AGUILAR , SE PROCEDIO A HACER SEGUIMIENTO EN LA FISCALIA DE DONDE INDICARON QUE SE HABIA NOTIFICADO POR EDICTO A AMBAS PARTES, PERO QUE NO SE REMITIO, SE SOLICITO EL CUADERNO Y ESTABA EXTRAVIADO,  INDICANDME QUE PARA HORAS 15:00 PM HABRIA NOTICIAS\r\n', '0000-00-00 00:00:00', '0000-00-00 00:00:00', '#414d5f', '#414d5f'),
(56, 'SEGUIMIENTO', 'JUAN ZEGARRA AGUILAR , SE PROCEDIO A HACER SEGUIMIENTO EN LA FISCALIA DE DONDE INDICARON QUE SE HABIA NOTIFICADO POR EDICTO A AMBAS PARTES, PERO QUE NO SE REMITIO, SE SOLICITO EL CUADERNO Y ESTABA EXTRAVIADO,  INDICANDOME QUE PARA HORAS 15:00 PM HABRIA NOTICIAS.', '0000-00-00 00:00:00', '0000-00-00 00:00:00', '#414d5f', '#414d5f');

-- --------------------------------------------------------

--
-- Estructura de tabla para la tabla `factura`
--

CREATE TABLE `factura` (
  `fac_id` int(11) NOT NULL,
  `cli_id` int(11) DEFAULT NULL,
  `fac_nombre_cliente` varchar(45) COLLATE utf8_spanish_ci DEFAULT NULL,
  `adm_id` int(11) DEFAULT NULL,
  `fac_nombre_usuario` varchar(45) COLLATE utf8_spanish_ci DEFAULT NULL,
  `fac_total` decimal(7,2) DEFAULT NULL,
  `fac_utilidad` decimal(7,2) DEFAULT NULL,
  `fac_estado` int(11) DEFAULT NULL,
  `fac_fecha_hora` datetime DEFAULT NULL,
  `fac_forma_pago` varchar(45) COLLATE utf8_spanish_ci DEFAULT NULL,
  `fac_importe` decimal(7,2) DEFAULT NULL,
  `fac_cambio` decimal(7,2) DEFAULT NULL,
  `fac_utilidad_billetera` decimal(7,2) DEFAULT NULL
) ENGINE=InnoDB DEFAULT CHARSET=utf8 COLLATE=utf8_spanish_ci ROW_FORMAT=COMPACT;

-- --------------------------------------------------------

--
-- Estructura de tabla para la tabla `hoja`
--

CREATE TABLE `hoja` (
  `hoja_id` int(11) NOT NULL,
  `cli_id` int(11) DEFAULT NULL,
  `hoja_numero_tramite` varchar(50) COLLATE utf8_spanish_ci DEFAULT NULL,
  `hoja_demandante` varchar(255) COLLATE utf8_spanish_ci DEFAULT NULL,
  `hoja_demandado` varchar(255) COLLATE utf8_spanish_ci DEFAULT NULL,
  `hoja_patrocinio` varchar(255) COLLATE utf8_spanish_ci DEFAULT NULL,
  `hoja_tipo_proceso` varchar(255) COLLATE utf8_spanish_ci DEFAULT NULL,
  `hoja_num_juzgado` varchar(255) COLLATE utf8_spanish_ci DEFAULT NULL,
  `hoja_num_sentencia` varchar(255) COLLATE utf8_spanish_ci DEFAULT NULL,
  `hoja_id_proceso` varchar(255) COLLATE utf8_spanish_ci DEFAULT NULL,
  `hoja_fiscalia_interno` varchar(255) COLLATE utf8_spanish_ci DEFAULT NULL,
  `hoja_etapa` varchar(255) COLLATE utf8_spanish_ci DEFAULT NULL,
  `hoja_responsable_area` varchar(50) COLLATE utf8_spanish_ci DEFAULT NULL,
  `hoja_referencia` varchar(255) COLLATE utf8_spanish_ci DEFAULT NULL,
  `hoja_area_destino` varchar(50) COLLATE utf8_spanish_ci DEFAULT NULL,
  `hoja_observacion` varchar(255) COLLATE utf8_spanish_ci DEFAULT NULL,
  `hoja_fecha_ingreso` varchar(50) COLLATE utf8_spanish_ci DEFAULT NULL,
  `hoja_fecha_salida` varchar(50) COLLATE utf8_spanish_ci DEFAULT NULL,
  `hoja_fecha_finalizacion` varchar(50) COLLATE utf8_spanish_ci DEFAULT NULL,
  `hoja_area_proceso` varchar(255) COLLATE utf8_spanish_ci DEFAULT NULL,
  `hoja_fecha_mod` varchar(50) COLLATE utf8_spanish_ci DEFAULT NULL,
  `administrador_reg` varchar(100) COLLATE utf8_spanish_ci DEFAULT NULL,
  `administrador_mod` varchar(100) COLLATE utf8_spanish_ci DEFAULT NULL
) ENGINE=InnoDB DEFAULT CHARSET=utf8 COLLATE=utf8_spanish_ci ROW_FORMAT=COMPRESSED;

--
-- Volcado de datos para la tabla `hoja`
--

INSERT INTO `hoja` (`hoja_id`, `cli_id`, `hoja_numero_tramite`, `hoja_demandante`, `hoja_demandado`, `hoja_patrocinio`, `hoja_tipo_proceso`, `hoja_num_juzgado`, `hoja_num_sentencia`, `hoja_id_proceso`, `hoja_fiscalia_interno`, `hoja_etapa`, `hoja_responsable_area`, `hoja_referencia`, `hoja_area_destino`, `hoja_observacion`, `hoja_fecha_ingreso`, `hoja_fecha_salida`, `hoja_fecha_finalizacion`, `hoja_area_proceso`, `hoja_fecha_mod`, `administrador_reg`, `administrador_mod`) VALUES
(16, 3, 'QJF-1', 'ANDREA SURCO APANQUI', 'CARLOS ISRRAEL APAZA HUANCA', 'DEMANDANTE', 'DIVORCIO', '1 (PANDO)', '', '9024376', '', 'PARA AUDIENCIA', 'DR. JORGE L. HERBAS HUAYLLAS', 'ASISTENCIA FAMILIAR', 'JURIDICA', 'REVISAR CASO', '2023-01-12 15:45', NULL, NULL, 'FAMILIA', '2023-01-12 17:35:32', '4', '4'),
(17, 4, 'QJC-1', 'TRANS ROSARIO', '0', 'DEMANDANTE', 'RESARCIMIENTO DE DAÑOS Y PERJUICIOS', '0', NULL, '0', '', 'PARA PRESENTAR DEMANDA ', 'DR. JORGE L. HERBAS HUAYLLAS', '', 'JURIDICA', '', '2023-01-12 16:15', NULL, NULL, 'CIVIL', NULL, '7', '7'),
(18, 3, 'QJF-2', 'ANDREA SURCO APANQUI', 'CARLOS ISRAEL APAZA HUANCA', 'DEMANDANTE', 'ASISTENCIA FAMILIAR', '2', NULL, '902637', '', 'CONTINUIDAD', 'DR. JORGE L. HERBAS HUAYLLAS', 'ASISTENCIA FAMILIAR', 'JURIDICA', '', '2023-01-12 17:32', NULL, NULL, 'FAMILIA', NULL, '4', '4'),
(19, 5, 'QJF-3', 'LINDA EIMY ESCOBAR GUZMAN', 'MARCOS COLQUE CRUZ', 'DEMANDANTE', 'ASISTENCIA FAMILIAR (INCREMENTO)', '6', NULL, '201101002', '', 'SEGUIMIENTO ', 'DR. JORGE L. HERBAS HUAYLLAS', 'ASISTENCIA FAMILIAR ', 'JURIDICA', '', '2023-01-12 17:38', NULL, NULL, 'FAMILIA', NULL, '4', '4'),
(20, 6, 'QJF-4', 'NADIA MELVA CACERES CHOQUECALLATA', 'BERNARDO CACERES CAHUANA', 'DEMANDANTE', 'ASISTENCIA FAMILIAR', '7', NULL, '201501917', '', 'SEGUIMIENTO ', 'DR. JORGE L. HERBAS HUAYLLAS', 'ASISTENCIA FAMILIAR (LIQUIDACION)', 'JURIDICA', '', '2023-01-12 17:45', NULL, NULL, 'FAMILIA', NULL, '4', '4'),
(21, 7, 'QJF-5', 'ISMAEL QUISPE BARRA', 'MARIA EVELIN RUIZ SOLARES', 'DEMANDANTE', 'NEGACION DE PATERNIDAD', '8', NULL, '40135946-1', '', 'INICIO', 'DR. JORGE L. HERBAS HUAYLLAS', 'NEGACIÓN DE PATERNIDAD', 'JURIDICA', '', '2023-01-12 17:49', NULL, NULL, 'FAMILIA', NULL, '4', '4'),
(22, 8, 'QJF-6', 'MELVA COLQUE LUCANA', 'RONALD ORDOÑEZ GUZMAN', 'DEMANDANTE', 'ASISTENCIA FAMILIAR', '6', NULL, '40136607', '', 'INICIO', 'DR. JORGE L. HERBAS HUAYLLAS', 'ASISTENCIA FAMILIAR', 'JURIDICA', '', '2023-01-12 17:51', NULL, NULL, 'FAMILIA', NULL, '4', '4'),
(23, 9, 'QJF-7', 'NARDY CHOQUECALLATA MAMANI', 'JUAN PAULINO APAZA MAMANI', 'DEMANDANTE', 'ASISTENCIA FAMILIAR', '7', NULL, '40136985', '', 'INICIO', 'DR. JORGE L. HERBAS HUAYLLAS', 'ASISTENCIA FAMILIAR', 'JURIDICA', '', '2023-01-12 17:53', NULL, NULL, 'FAMILIA', NULL, '4', '4'),
(24, 10, 'QJF-8', 'JONATHAN JORGE RODRIGUEZ MARTINEZ', 'DEFENSORIA DE LA NIÑEZ Y ADOLESCENCIA', 'DEMANDANTE', 'GUARDA LEGAL', '2 (JUZGADO PÚBLICO DE LA NIÑEZ Y ADOLESCENCIA )', NULL, '40138334', '', '', 'DR. JORGE L. HERBAS HUAYLLAS', 'GUARDA LEGAL', 'JURIDICA', '', '2023-01-12 17:55', NULL, NULL, 'FAMILIA', NULL, '4', '4'),
(25, 11, 'QJP-1', 'DORIS CABRERA', 'DANIEL GUTIERREZ TAPIA Y OTROS', 'VICTIMA', 'ESTAFA', '7', NULL, '401502012201518', '433/2022', 'PRELIMINAR', 'DR. JORGE L. HERBAS HUAYLLAS', 'ESTAFA MULTIPLE', 'JURIDICA', '', '2023-01-12 18:01', NULL, NULL, 'PENAL', NULL, '3', '3'),
(26, 12, 'QJC-2', 'ALFONSO ROBERTO BEJARANO RAMIREZ', 'BANCO CENTRAL DE BOLIVIA', 'DEMANDADO', 'MONITORIO EJECUTIVO', '9', NULL, '4014410', '', ' PARA RESOLUCIÓN (OPOSICIÓN DE EJECUCIÓN DE SENTENCIA)  ', 'DR. JORGE L. HERBAS HUAYLLAS', 'PROCESO MONITORIO EJECUTIVO', 'JURIDICA', 'REVISAR, ESTA PARA RESOLUCIÓN', '2023-01-12 18:44', NULL, NULL, 'CIVIL', NULL, '7', '7'),
(27, 0, 'QJPA-1', '', '', '', '', '', NULL, '', '', '', '', '', '', '', '2023-01-13 14:50', NULL, NULL, 'PENAL ADUANERO', NULL, '3', '3'),
(28, 13, 'QJF-9', 'TATIANA  QUISBERT VARGAS', 'JULIO MEDRANO JIMENEZ', 'DEMANDANTE', 'ASISTENCIA FAMILIAR', '', '', '', '', 'INICIO', 'DR. JORGE L. HERBAS HUAYLLAS', 'ASISTENCIA  FAMILIAR', '', '', '2023-01-17 09:16', NULL, NULL, 'FAMILIA', '2023-01-17 09:39:29', '4', '4'),
(29, 14, 'QJC-3', 'MARY CRUZ FLORES ADRIAN', 'WILDER CALANI CANAVIRI', 'DEMANDANTE', 'MONITORIO EJECUTIVO', '3', NULL, '40120109', '', 'PARA RESOLUCIÓN DE TERCERÍA DE DOMINIO EXCLUYENTE', 'DR. JORGE L. HERBAS HUAYLLAS', 'EL PROCESO INGRESO EN NUESTRO PATROCINIO EN ESTADO DE CUMPLIR CON LA COMISIÓN INSTRUIDA PARA EL DEMANDADO', 'JURIDICA', 'YA SE CUMPLIO CON LA COMISION INSTRUIDA EN BASE A LA REPRESENTACION DE LA OFICIAL DE DILIGENCIAS DE CHALLAPATA', '2023-01-17 09:27', NULL, NULL, 'CIVIL', NULL, '7', '7'),
(30, 0, 'QJC-3', 'NICANOR', 'VIVIAN JHANNETT MENDOZA TORREZ', 'DEMANDANTE', 'ORDINARIO RESARCIMIENTO DE DAÑOS Y PERJUICIOS', '5', NULL, '40131707', '', 'CITACION POR EDICTO', 'DR. JORGE L. HERBAS HUAYLLAS', 'EN PRIMERA INSTANCIA SE INTERPUSO UNA DILIGENCIA PREPARATORIA DE DEMANDA DE ANOTACION PREVENTIVA EN CONTRA DE VIVIAN JANETH MENDOZA TORREZ', 'JURIDICA', 'SE LIBRO CITACION POR EDICTOS', '2023-01-17 09:47', NULL, NULL, 'CIVIL', NULL, '7', '7'),
(31, 14, 'QJC-5', 'MARY CRUZ FLORES ADRIAN', 'NARDA PATRICIA CAYOJA QUIROZ', 'DEMANDANTE', 'MONITORIO EJECUTIVO', '8', NULL, '40118596', '', 'EJECUTAR MANDAMIENTO DE EMBARGO', 'DR. JORGE L. HERBAS HUAYLLAS', 'EJECUTAR MANDAMIENTO DE EMBARGO', 'JURIDICA', 'IR A GAMO PARA LIBRAR EL CERTIFICACION DE BIENES INMUEBLES', '2023-01-17 10:18', NULL, '2023-01-24 14:00', 'CIVIL', NULL, '7', '7'),
(32, 16, 'QJC-4', 'FRESIA CARMINIA NICAELA FLORES SANDOVAL', 'LEDA VERONICA CUARITA CUENCA', 'DEMANDANTE', 'DILIGENCIA PREPARATORIA DE RECONOCIMIENTO FIRMAS Y RUBRICAS', '3', NULL, '40129149', '', 'POR RECONOCIDO LA FIRMAS Y RUBRICAS ', 'DR. JORGE L. HERBAS HUAYLLAS', 'FORMALIZAR DEMANDA', 'JURIDICA', 'FORMALIZAR DEMANDA', '2023-01-17 10:30', NULL, NULL, 'CIVIL', NULL, '7', '7'),
(33, 17, 'QJPA-2', 'RUBEN LAURA TAPIA ', 'ADUANA REGIONAL ORURO', 'VICTIMA', 'CONTRABANDO POR REINCIDENCIA ', '6', NULL, '401502012200908', 'FISCALIA ESPECIALIZADA  EN ANTICORRUPCION  A9/2022', 'PARA REPAERTURA ', 'DR. JORGE L. HERBAS HUAYLLAS', 'CONTRABANDO POR REINCIDENCIA', 'ADUANERO ', '', '2023-01-17 10:44', NULL, NULL, 'PENAL ADUANERO', NULL, '3', '3'),
(34, 18, 'QJPA-3', 'ADUANA REGIONAL ORURO', 'RENE CARLOS CAHUANA CHOQUE', 'IMPUTADO', 'CONTRABANDO POR REINCIDENCIA ', '4', NULL, '401502012200967', '', 'PREPARATORIA JUICIO', 'DR. JORGE L. HERBAS HUAYLLAS', 'CONTRABANDO POR REINCIDENCIA ', 'ADUANERO', '', '2023-01-17 10:49', NULL, NULL, 'PENAL ADUANERO', NULL, '3', '3'),
(35, 19, 'QJPA-4', 'ADUANA REGIONAL COCHABAMBA', 'JUSTINIANO BARRA ZARCO', 'IMPUTADO', 'CONTRABANDO', '4 (COCHABAMBA)', NULL, '30186968', 'ESPECIALIZADA EN DELITOS  DE ADUANAS Y MEDIO AMBIENTE  INT. 12/2019', 'JUICIO', 'DR. JORGE L. HERBAS HUAYLLAS', 'CONTRABANDO', 'ADUANERO', 'EL PROCESO ESTA INSTAURADO EN LA CIUDAD DE COCHABAMBA', '2023-01-17 10:51', NULL, NULL, 'PENAL ADUANERO', NULL, '3', '3'),
(36, 20, 'QJPA-5', 'ADUANA REGIONAL ORURO', 'RICHARD ALVAREZ', 'IMPUTADO', 'FALSIFICACION DE DOCUMENTOS ADUANEROS', '2', NULL, '4051895', 'FISCALIA ESPECIALIZADA  EN ANTICORRUPCION  A30/2018', 'PARA ULTIMO TESTIGO Y ALEGATOS EN CONCLUSIONES', 'DR. JORGE L. HERBAS HUAYLLAS', 'FALSIFICACION  DE DOCUMENTOS ADUANEROS ', 'ADUANERO', 'SE ENCUENTRA EN JUZGADO DE SENTENCIA Nº 2 ', '2023-01-17 10:55', NULL, NULL, 'PENAL ADUANERO', NULL, '3', '3'),
(37, 0, 'QJPA-6', 'ADUANA REGIONAL ORURO', 'IGNACIO CHIRINOS ', 'IMPUTADO', 'CONTRABANDO', '4', NULL, '401502012001298', 'FISCALIA ESPECIALIZADA  EN ANTICORRUPCION  A22/2020', 'JUICIO', 'DR. JORGE L. HERBAS HUAYLLAS', 'CONTRABANDO', 'ADUANERO', 'EL PROCESO ESTA EN EL JUZGADO DE SENTENCIA PENAL 4', '2023-01-17 10:58', NULL, NULL, 'PENAL ADUANERO', NULL, '3', '3'),
(38, 22, 'QJC-6', 'ALVARO GUSTAVO CAMACHO ESPADA', 'MARCELO ELIAS GUZMAN CAMACHO', 'DEMANDANTE', 'PRESCRIPCION DE ACEPTACION DE HERENCIA', '7', '', '4088142-1', '', 'SE LIBRARON DILIGENCIAS', 'DR. JORGE L. HERBAS HUAYLLAS', '', 'JURIDICA', 'REVISAR PROCESO', '2023-01-17 10:45', NULL, NULL, 'CIVIL', '2023-01-18 12:17:05', '7', '7'),
(39, 21, 'QJPA-7', 'ADUANA REGIONAL ORURO', 'IGNACIO CHIRINOS', 'IMPUTADO', 'CONTRABANDO', '4', NULL, '401502012001298', 'FISCALIA ESPECIALIZADA  EN ANTICORRUPCION  A22/2020', 'JUICIO', 'DR. JORGE L. HERBAS HUAYLLAS', 'CONTRABANDO', 'ADUANERO', 'EL PROCESO SE ENCUENTRA EN EL JUZGADO DE SENTENCIA 4', '2023-01-17 11:01', NULL, NULL, 'PENAL ADUANERO', NULL, '3', '3'),
(40, 24, 'QJPA-8', 'ADUANA REGIONAL ORURO', 'JUAN ZEGARRA AGUILAR ', 'IMPUTADO', 'CONTRABANDO POR REINCIDENCIA ', '7', NULL, '401502012103089', 'FISCALIA ESPECIALIZADA  EN ANTICORRUPCION  INT. 61/2021', 'OBJETADO RECHAZADO, FISCALIA DEPARTAMENTAL', 'DR. JORGE L. HERBAS HUAYLLAS', 'CONTRABANDO POR REINCIDENCIA', 'ADUANERO', '', '2023-01-17 12:16', NULL, NULL, 'PENAL ADUANERO', NULL, '3', '3'),
(41, 25, 'QJPA-9', 'ADUANA REGIONAL COCHABAMBA', 'WILMER PASTOR CUCHO CUTIPA', 'IMPUTADO', 'CONTRABANDO', '3', NULL, '30186967', 'FISCALIA ESPECIALIZADA EN DELITOS DE ADUANAS Y MEDIO AMBIENTE INT. 233/2019 ', 'JUICIO', 'DR. JORGE L. HERBAS HUAYLLAS', 'CONTRABANDO', 'ADUANERO', 'EL PROCESO SE ENCUENTRA EN  LA CIUDAD DE COCHABAMBA', '2023-01-17 12:20', NULL, NULL, 'PENAL ADUANERO', NULL, '3', '3'),
(42, 26, 'QJPA-10', 'ADUANA REGIONAL ORURO', 'MERY ARANIBAR CHOQUE', 'IMPUTADO', 'CONTRABANDO POR REINCIDENCIA ', '6', NULL, '40150207', 'FISCALIA ESPECIALIZADA  EN ANTICORRUPCION  A34/2020', 'PRELIMINAR', 'DR. JORGE L. HERBAS HUAYLLAS', 'CONTRABANDO POR REINCIDENCIA ', 'ADUANERO', '', '2023-01-17 12:24', NULL, NULL, 'PENAL ADUANERO', NULL, '3', '3'),
(43, 27, 'QJPA-11', 'ADUANA REGIONAL ORURO', 'NEMIO OCAÑA MOLINA', 'IMPUTADO', 'CONTRABANDO POR REINCIDENCIA ', '6', NULL, '40152012200909', 'FISCALIA ESPECIALIZADA  EN ANTICORRUPCION  17/2020', 'ETAPA PREPARATORIA JUICIO ', 'DR. JORGE L. HERBAS HUAYLLAS', 'CONTRABANDO POR REINCIDENCIA', 'ADUANERO', '', '2023-01-17 12:28', NULL, NULL, 'PENAL ADUANERO', NULL, '3', '3'),
(44, 28, 'QJPA-12', 'ADUANA REGIONAL ORURO', 'WILSON BEJARANO CHOQUE', 'IMPUTADO', 'CONTRABANDO', '3', NULL, '4030598', 'FISCALIA ESPECIALIZADA  EN ANTICORRUPCION  INT. 41/2017', 'CONCLUIDO', 'DR. JORGE L. HERBAS HUAYLLAS', 'CONTRABANDO', 'ADUANERO', '', '2023-01-17 12:33', NULL, NULL, 'PENAL ADUANERO', NULL, '3', '3'),
(45, 29, 'QJPA-13', 'ADUANA REGIONAL LA PAZ ', 'VIRGINIA ALANOCA VILLCA', 'IMPUTADO', 'CONTRABANDO', '8', NULL, '201229156', 'FISCALIA ESPECIALIZADA EN DELITOS DE ADUANAS  INT. LPZ-AN1100001 ', 'COORDINAR REMISION DE EXPEDIENTE FISCAL JERARQUICO', 'DR. JORGE L. HERBAS HUAYLLAS', 'CONTRABANDO', 'ADUANERO', 'PROCESO EN LA CIUDAD DE LA PAZ\r\n', '2023-01-17 12:36', NULL, NULL, 'PENAL ADUANERO', NULL, '3', '3'),
(46, 15, 'QJC-8', 'NICANOR DIEGO APAZA', 'JEANNET VIVIAN TORREZ MENDOZA', 'DEMANDANTE', 'ORDINARIO DE RESARMIENTO DE DAÑOS Y PERJUICIOS', '5', NULL, '40131707', '', 'CITACION POR EDICTO', 'DR. JORGE L. HERBAS HUAYLLAS', 'SE DEBE CITAR A LA DEMANDADA', 'JURIDICA', 'YA SE LIBRO LOS EDICTOS', '2023-01-17 17:05', NULL, NULL, 'CIVIL', NULL, '7', '7'),
(47, 31, 'QJP-2', 'HERLAN HUARAYO', 'BENITO VALDEZ RIVERA', 'VICTIMA', '', 'CONCILIACION 1', NULL, '40138719 nurej', '', '', 'DR. JORGE L. HERBAS HUAYLLAS', 'proceso de conciliacion', 'JURIDICA', 'ninguna', '2023-01-18 11:49', NULL, NULL, 'PENAL', NULL, '3', '3'),
(48, 0, 'QJC-9', 'BARBARA', 'CATALINA VALENCIA CACHACA', 'DEMANDANTE', 'DILIGENCIA PREPARATORIA DE RECONOCIMIENTO FIRMAS Y RUBRICAS', '3', NULL, '40109271-1', '', 'DILIGENCIA PREPARATORIA', 'DR. JORGE L. HERBAS HUAYLLAS', 'SE SOLICITO NUEVO DIA Y HORA DE AUDIENCIA', 'JURIDICA', 'EN ESPERA DE LA RESPUESTA DEL JUEZ', '2023-01-18 11:44', NULL, NULL, 'CIVIL', NULL, '7', '7'),
(49, 30, 'QJC-7', 'BARBARA NOHRA CALLE POMA', 'CATALINA VALENCIA CACHACA', 'DEMANDANTE', 'DILIGENCIA PREPARATORIA DE RECONOCIMIENTO FIRMAS Y RUBRICAS', '3', NULL, '40109271-1', '', 'CITACION POR EDICTO', 'DR. JORGE L. HERBAS HUAYLLAS', 'SOLICITAMOS DIA Y HORA DE AUDIENCIA', 'JURIDICA', 'EN ESPERA DE LA RESPUESTA DEL JUEZ', '2023-01-18 12:01', NULL, NULL, 'CIVIL', NULL, '7', '7'),
(50, 32, 'QJAIT-1', 'IMPORT EXPORT QUISGIL', 'ADUANA REGIONAL ORURO', 'RECURRENTE', 'ALZADA', '', NULL, 'ARIT-ORU-097/2022', '', 'ADMITIDO', 'DR. JORGE L. HERBAS HUAYLLAS', 'RECURSO DE ALZADA', 'JURIDICA', '', '2023-01-24 16:51', NULL, NULL, 'AIT', '2023-01-24 16:55:33', '4', '4'),
(51, 33, 'QJAIT-2', 'VICTOR VICENTE COLQUE MAMANI', 'ADUANA REGIONAL PISIGA', 'RECURRENTE', 'ALZADA', '', NULL, 'ARIT-ORU-0115/2022', '', 'PRESENTADO RECURSO DE ALZADA', 'DR. JORGE L. HERBAS HUAYLLAS', 'RECURSO DE ALZADA', 'JURIDICA', '', '2023-01-24 16:57', NULL, NULL, 'AIT', '2023-01-24 16:58:57', '4', '4'),
(52, 34, 'QJAIT-3', 'HUNER SAMUEL VILCHES MAMANI', 'ADUANA INTERIOR ORURO', 'RECURRENTE', 'ALZADA', '', NULL, 'ARIT-ORU-0084/2022', '', 'ADMITIDO', 'DR. JORGE L. HERBAS HUAYLLAS', 'RECURSO DE ALZADA', 'JURIDICA', '', '2023-01-24 16:58', NULL, NULL, 'AIT', '2023-01-24 17:00:59', '4', '4'),
(53, 35, 'QJAIT-4', 'ZENAIDA MONTECINOS VILLCA', 'AIT REGIONAL LA PAZ', 'RECURRENTE', 'JERARQUICO', '', NULL, 'ARIT-ORU 0014/2022', '', 'RECURSO JERARQUICO', '', 'RECURSO JERARQUICO', 'JURIDICA', '', '2023-01-24 17:01', NULL, NULL, 'AIT', '2023-01-24 17:02:39', '4', '4'),
(54, 36, 'QJA-1', 'JHOSALYN JHANIRA VILLCA COLQUE', 'ADUANA INTERIOR LA PAZ', 'ADMINISTRADO', 'ADUANA', '', NULL, '', '', 'PARA PROCESAMIENTO DE RESPUESTA A MEMORIAL DE 25 DE OCTUBRE DE 2022 Nº HOJA DE RUTA 9949', 'DR. JORGE L. HERBAS HUAYLLAS', '', 'JURIDICO', '', '2023-01-24 17:02', NULL, NULL, 'ADUANA', '2023-01-24 17:05:17', '4', '4'),
(55, 31, 'QJP-3', 'P. ROXANA AQUINO FERRUFINO', 'HERLAN G. QUINAYA HUARAYO', 'IMPUTADO', 'HOMICIDIO LESIONES GRAVES Y GRAVISIMAS EN ACCIDENTE DE TRANSITO', 'SENTENCIA PENAL Nº6', NULL, '401502012201355', '', 'JUICIO', 'DR. JORGE L. HERBAS HUAYLLAS', 'ACCIDENTE DE TRANSITO', 'JURIDICA', '', '2023-01-25 18:45', NULL, NULL, 'PENAL', '2023-01-25 18:58:56', '10', '10'),
(56, 11, 'QJP-4', 'DORIS CABRERA CHOQUE', 'RAUL ALCONZ MAMANI- RUTH COLQUE', 'VICTIMA', 'LESIONES GRAVES Y LEVES', 'FISCALIA DE SOLUCION TEMPRANA', NULL, '401502012202483', '122/2022 DIV.URI-UST', ' PRELIMINAR', 'DR. JORGE L. HERBAS HUAYLLAS', 'delito de lesiones graves y leves', 'JURIDICA', '', '2023-01-26 08:55', NULL, NULL, 'PENAL', '2023-01-26 09:02:23', '10', '10');

-- --------------------------------------------------------

--
-- Estructura de tabla para la tabla `hoja_detalle`
--

CREATE TABLE `hoja_detalle` (
  `det_id` int(11) NOT NULL,
  `hoja_id` int(11) DEFAULT NULL,
  `det_etapa` varchar(255) COLLATE utf8_spanish_ci DEFAULT NULL,
  `det_accion` varchar(255) COLLATE utf8_spanish_ci DEFAULT NULL,
  `det_inicio` datetime DEFAULT NULL,
  `det_fin` datetime DEFAULT NULL,
  `det_estado` varchar(45) COLLATE utf8_spanish_ci DEFAULT NULL,
  `det_audiencia` datetime DEFAULT NULL,
  `det_juzgado` varchar(50) COLLATE utf8_spanish_ci DEFAULT NULL,
  `det_lugar_juzgado` varchar(255) COLLATE utf8_spanish_ci DEFAULT NULL,
  `det_observacion` varchar(255) COLLATE utf8_spanish_ci DEFAULT NULL,
  `det_encargado` varchar(255) COLLATE utf8_spanish_ci DEFAULT NULL,
  `det_leido` int(11) NOT NULL DEFAULT '0',
  `det_respuesta_encargado` varchar(255) COLLATE utf8_spanish_ci DEFAULT NULL,
  `det_mensaje` varchar(255) COLLATE utf8_spanish_ci DEFAULT NULL,
  `fec_reg_evento` datetime DEFAULT NULL,
  `enc_reg` varchar(50) COLLATE utf8_spanish_ci DEFAULT NULL,
  `det_envio_ruta_file` varchar(255) COLLATE utf8_spanish_ci DEFAULT NULL,
  `det_recepcion_ruta_file` varchar(255) COLLATE utf8_spanish_ci DEFAULT NULL
) ENGINE=InnoDB DEFAULT CHARSET=utf8 COLLATE=utf8_spanish_ci ROW_FORMAT=COMPACT;

--
-- Volcado de datos para la tabla `hoja_detalle`
--

INSERT INTO `hoja_detalle` (`det_id`, `hoja_id`, `det_etapa`, `det_accion`, `det_inicio`, `det_fin`, `det_estado`, `det_audiencia`, `det_juzgado`, `det_lugar_juzgado`, `det_observacion`, `det_encargado`, `det_leido`, `det_respuesta_encargado`, `det_mensaje`, `fec_reg_evento`, `enc_reg`, `det_envio_ruta_file`, `det_recepcion_ruta_file`) VALUES
(24, 16, 'PARA AUDIENCIA', 'COMUNICARSE CON DEFENSOR DE OFICIO', '2023-01-12 15:49:33', '2023-01-13 10:00:00', 'FINALIZADO', '0000-00-00 00:00:00', NULL, NULL, '', '4', 0, '', NULL, '2023-01-18 17:16:32', '1', NULL, NULL),
(25, 16, 'PARA AUDIENCIA', 'SOLICITAR ENLACE PARA AUDIENCIA ', '2023-01-24 10:00:23', '2023-01-25 09:00:00', 'EJECUCION', '2023-01-25 10:00:00', NULL, NULL, 'TOMAR EN CUNETA QUE EL ENLACE PARA LA AUDIENCIA DEBE SOLICTARSE A LAS 9 AM, YA QUE LA AUDIENCIA ES A LAS 10:00 DEL MISMO DIA', '4', 0, NULL, NULL, '2023-01-12 15:54:23', '1', NULL, NULL),
(26, 17, 'PARA PROYECTAR DEMANDA', 'DISEÑAR ESTRATEGIA JURIDICA', '2023-01-12 16:26:05', '2023-01-13 15:00:00', 'EJECUCION', '0000-00-00 00:00:00', NULL, NULL, 'RECORDARME ANTES DE LA REUNION ', '7', 0, '', NULL, '2023-01-12 16:32:11', '1', NULL, NULL),
(27, 17, '', 'FUI A ENTREGAR MEMORIALES', '2023-01-12 16:34:41', '2023-01-13 16:35:00', 'EJECUCION', '0000-00-00 00:00:00', NULL, NULL, 'IR A REVISAR EL DECRETO', '1', 0, NULL, NULL, '2023-01-12 16:36:15', '1', NULL, NULL),
(28, 25, 'PRELIMINAR', 'REVISAR SISTEMA, RESPUESTA DE MANDAMIENTO DE APREHENSION', '2023-01-12 18:06:34', '2023-01-13 09:21:00', 'EJECUCION', '0000-00-00 00:00:00', NULL, NULL, 'REVISAR URGENTE, ', '1', 0, NULL, NULL, '2023-01-12 18:07:55', '1', NULL, NULL),
(29, 16, '', '', '2023-01-17 10:22:14', '2023-01-25 10:00:00', 'EJECUCION', '2023-01-25 10:00:00', NULL, NULL, '', '---- SELECCIONAR ----', 0, NULL, NULL, '2023-01-17 10:26:24', '1', NULL, NULL),
(30, 20, 'FINALIZADO', '', '2023-01-17 10:28:33', '0000-00-00 00:00:00', 'EJECUCION', '0000-00-00 00:00:00', NULL, NULL, '', '---- SELECCIONAR ----', 0, NULL, NULL, '2023-01-17 10:28:42', '1', NULL, NULL),
(31, 21, 'INICIO', 'SE SUBSANO LAS OBSERVACIONES ', '2023-01-17 10:30:11', '0000-00-00 00:00:00', 'EJECUCION', '0000-00-00 00:00:00', NULL, NULL, 'SE TIENE PROGRAMADO CITACION Y EMPLAZAMIENTO PARA FECHA 23/01/2023 A HORAS 11:00 A.M.\r\n', '---- SELECCIONAR ----', 0, NULL, NULL, '2023-01-17 10:32:00', '1', NULL, NULL),
(32, 22, 'INICIO', 'SE PRESENTO EL CERTIFICADO DE SERECI (16/01/2023)', '2023-01-17 10:35:58', '0000-00-00 00:00:00', 'EJECUCION', '0000-00-00 00:00:00', NULL, NULL, '', '---- SELECCIONAR ----', 0, NULL, NULL, '2023-01-17 10:36:37', '1', NULL, NULL),
(33, 23, 'INICIO', 'EL PROCESO FUE DERIVADO POR DECLINATORIA AL JUZGADO DEL MUNICIPIO DE POOPO', '2023-01-17 10:36:41', '0000-00-00 00:00:00', 'EJECUCION', '0000-00-00 00:00:00', NULL, NULL, 'EN PRESIDENCIA INDICARON QUE LOS RESPONSABLES DEL JUZGADO DE POOPO,AUN NO PASARON A RECOGER DOCUMENTACION.\r\n', '---- SELECCIONAR ----', 0, NULL, NULL, '2023-01-17 10:37:58', '1', NULL, NULL),
(34, 29, 'EN ESPERA DE RESOLUCION', 'REVISAR PROCESO PARA RESOLUCION DE TERCERIA DE DOMINIO EXCLUYENTE', '2023-01-17 15:02:41', '2023-01-18 15:03:00', 'FINALIZADO', '0000-00-00 00:00:00', NULL, NULL, '', '7', 0, '', NULL, '2023-01-18 17:00:57', '1', NULL, NULL),
(35, 31, 'EN EJECUCION', 'PARA MARTES 24 DE ENERO A HORAS 09:30 EJECUTAR MANDAMIENTO DE EMBARGO', '2023-01-17 15:08:10', '2023-01-24 14:00:00', 'FINALIZADO', '0000-00-00 00:00:00', NULL, NULL, 'LLEVAR POLICIAS, SERRAJERO, DIO Y ESTIVADORES', '7', 0, 'EJECUTADO', NULL, '2023-01-24 15:51:30', '1', NULL, NULL),
(36, 31, 'EN EJECUCION', 'SE DEJO RECAUDOS EN LA GAMO PARA QUE EMITAN CERTIFICACION DE BIENES INMUEBLES DE LA DEMANDADA', '2023-01-17 15:29:42', '2023-01-24 21:31:00', 'FINALIZADO', '0000-00-00 00:00:00', NULL, NULL, '', '7', 0, 'TODAVIA NO SE EMITIO', NULL, '2023-01-25 11:37:08', '1', NULL, NULL),
(37, 46, 'EN PROCESO DE CITACION', 'SE CORDINO PARA LIBRAR EL EDICTO', '2023-01-17 12:10:08', '2023-01-20 12:00:00', 'FINALIZADO', '0000-00-00 00:00:00', NULL, NULL, 'RECOGER PARA EL JUEVES 19 DE ENERO DE 2023', '7', 0, 'YA ESTAN LOS EDICTOS, FALTA RECAUDOS PARA RECOGER', NULL, '2023-01-20 12:41:15', '1', NULL, NULL),
(38, 24, 'INICIO', '1. SE PRESENTO MEMORIAL DE  LO OBSERVADO 2. SE COORDINO SESION PSICOLOGICA EN SE.DE.GES.', '2023-01-17 17:21:48', '2023-01-19 08:23:00', 'EJECUCION', '0000-00-00 00:00:00', NULL, NULL, 'MAÑANA SEDEBE COORDINAR CON TRABAJADORA SOCIAL EN SE.DE.GES A HORAS 08:30', '4', 0, NULL, NULL, '2023-01-17 17:25:46', '1', NULL, NULL),
(39, 16, 'PARA AUDIENCIA', 'FAVOR REMITIR EL NUMERO DE CELULAR PARA REALIZAR LA LLAMADA', '2023-01-17 17:29:25', '0000-00-00 00:00:00', 'EJECUCION', '0000-00-00 00:00:00', NULL, NULL, 'NO SE REALIZO LA TAREA, A FALTA  DEL NUMERO DE CONTACTO,QUE NO REMITIO EL DR. HERBAS', '1', 0, NULL, NULL, '2023-01-17 17:31:52', '1', NULL, NULL),
(41, 28, 'PARA PROYECTAR DEMANDA', 'CONSIDERAR LA ASISTENCVIA FAMILIAR EVENTUAL PARA LA MADRE, Y LOS HIJOS', '2023-01-18 11:52:43', '2023-01-18 15:00:00', 'EJECUCION', '0000-00-00 00:00:00', NULL, NULL, '', '4', 0, 'SOLICITO PRORROGA PARA LA PRESENTACION DEL MEMORIAL.', NULL, '2023-01-18 17:19:08', '1', NULL, NULL),
(42, 20, 'SEGUIMIENTO', 'REVISAR EL EXPEDIENTE', '2023-01-18 11:59:11', '2023-01-18 12:15:00', 'FINALIZADO', '0000-00-00 00:00:00', NULL, NULL, '', '4', 0, 'SE REALIZÓ LA REVISIÓN DEL EXPEDIENTE, MEDIANTE DECRETO SE SOLIICTA LA PRESENTACION DE CERTIFICADOS DE NOTAS  DE LA GESTION 2016 AL 2019', NULL, '2023-01-18 12:12:00', '1', NULL, NULL),
(43, 29, 'SEGUIMIENTO', 'REALIZAR MEMORIAL SOLICITANDO NOTIFICACIÓN DE POR EDICTOS', '2023-01-18 12:15:40', '2023-01-18 12:35:00', 'FINALIZADO', '0000-00-00 00:00:00', NULL, NULL, '', '7', 0, 'CONCLUIDO', NULL, '2023-01-18 15:00:49', '1', NULL, NULL),
(44, 49, 'DILIGENCIA PREPARATORIA', 'EL MEMORIAL DE FECHA 13 DE ENERO DE 2023 SIGUE EN DESPACHO', '2023-01-18 12:17:38', '2023-01-19 12:30:00', 'FINALIZADO', '0000-00-00 00:00:00', NULL, NULL, 'REGRESAR MAÑANA', '7', 0, 'SALIO EL DECRETO, LIBRO EDICTOS Y FECHA DE AUDIENCIA PARA 24 DE MARZO', NULL, '2023-01-20 12:42:17', '1', NULL, NULL),
(45, 29, 'EN ESPERA DE RESOLUCION', 'ME NOTIFIQUE, SIGUE EN DESPACHO. PRESENTE MEMORIAL PARA EDICTO', '2023-01-18 16:44:15', '2023-01-20 12:30:00', 'FINALIZADO', '0000-00-00 00:00:00', NULL, NULL, 'NOS NOTIFICAMOS PORQUE EL PROCESO AUN SIGUE EN DESPACHO', '7', 0, 'SIGUE EN DESPACHO', NULL, '2023-01-20 12:40:04', '1', NULL, NULL),
(46, 24, 'INICIO', 'HOY POR LA MAÑANA SE COORDINO CON EL ÁREA SOCIAL DE SE.DE.GES. Y PROGRAMO LA INSPECCION PARA FECHA 03/02/2023 A HORAS 14:30 P.M. AL RESPECTO YA SE COMUNICO AL CLIENTE ', '2023-01-18 17:21:48', '0000-00-00 00:00:00', 'EJECUCION', '0000-00-00 00:00:00', NULL, NULL, '', '1', 0, NULL, NULL, '2023-01-18 17:22:59', '1', NULL, NULL),
(47, 22, 'INICIO', 'SE REALIZÓ LA REVISÓN DEL EXPEDIENTE, EL JUEZ EMITIO DECRETO PARA COMISIÓN INSTRUIDA', '2023-01-18 17:23:25', '0000-00-00 00:00:00', 'EJECUCION', '0000-00-00 00:00:00', NULL, NULL, 'LA RESPONSABLE DEL PROCESO  NO ESTABA PRESENTE, SE REALIZARÁ LA COORDINACIÓN EN FECHA 19/01/2023 PARA LA EMISION D ELA COMISIÓN INSTRUIDA', '---- SELECCIONAR ----', 0, NULL, NULL, '2023-01-18 17:26:24', '1', NULL, NULL),
(48, 49, 'PRELIMINAR', 'SALIO DECRETO DE 16 DE ENERO DE 2023, LIBRO EDICTOS Y SEÑALO DIA Y HORA DE AUDIENCIA', '2023-01-20 18:51:30', '2023-01-24 12:00:00', 'FINALIZADO', '2023-02-24 16:00:00', NULL, NULL, 'OJO, FECHA DE AUDIENCIA 24 DE FEBRERO DE 2023 A HORAS 16:00', '7', 0, 'SE COORDINO EDICTOS PARA EL DIA VIERNES 27 ENERO', NULL, '2023-01-25 16:23:16', '1', NULL, NULL),
(49, 31, 'EN EJECUCION', 'FUI A COORDINAR MANDAMIENTO DE EMBARGO CON LA DIO', '2023-01-20 18:59:18', '2023-01-24 12:00:00', 'FINALIZADO', '0000-00-00 00:00:00', NULL, NULL, 'MANDAMIENTO DE EMBARGO PARA EL 24 DE ENERO DE 2023', '7', 0, 'POR EJECUTADO', NULL, '2023-01-24 15:50:40', '1', NULL, NULL),
(50, 29, 'EN ESPERA DE RESOLUCION', 'EL PROCESO SIGUE EN DESPACHO', '2023-01-20 07:02:49', '2023-01-24 16:00:00', 'FINALIZADO', '0000-00-00 00:00:00', NULL, NULL, 'SEGUIR EN SEGUIMIENTO', '7', 0, 'SIGUE EN DESPACHO, AYER HABRÍA INGRESADO UN MEMORIAL, HACER SEGUIMIENTO', NULL, '2023-01-25 11:41:52', '1', NULL, NULL),
(51, 49, 'SEGUIMIENTO', 'SEGUIMIENTO', '2023-01-24 03:22:24', '2023-01-25 15:00:00', 'FINALIZADO', '0000-00-00 00:00:00', NULL, NULL, 'COORDINAR NOTIFICIACIÓN POR EDICTO', '7', 0, 'SE COORDINO EDICTOS PARA EL DIA VIERNES 27 DE ENERO', NULL, '2023-01-25 16:21:05', '1', NULL, NULL),
(52, 46, 'SEGUIMIENTO', 'SEGUIMIENTO', '2023-01-24 03:23:33', '2020-01-24 15:00:00', 'FINALIZADO', '0000-00-00 00:00:00', NULL, NULL, 'RECOGER EDICTOS Y COORDINAR SU NOTIFICACIÓN GACETA JURIDICA ', '7', 0, 'PEDIR RECAUDOS PARA LOS EDICTOS', NULL, '2023-01-25 11:48:26', '1', NULL, NULL),
(53, 38, 'SEGUIMIENTO', 'SEGUIMIENTO', '2023-01-24 03:25:36', '2023-01-25 15:00:00', 'FINALIZADO', '0000-00-00 00:00:00', NULL, NULL, 'REVISAR E INFORMAR EL ESTADO\r\n\r\n', '7', 0, 'LLEGO CITE DE LA IITCUP, SOLICITANDO PLAZO PARA LA PRESENTACIÓN DEL INFORME', NULL, '2023-01-25 11:52:50', '1', NULL, NULL),
(54, 31, 'SEGUIMIENTO', 'SEGUIMIENTO', '2023-01-24 03:26:22', '2023-01-25 15:00:00', 'FINALIZADO', '0000-00-00 00:00:00', NULL, NULL, 'SOLICITAR INFORMACIÓN DEL EMBARGO, APURAR YA QUE DESPUES SE DEBE SOLICITAR LA VALORACIÓN', '7', 0, 'MAÑANA INGRESARA A DESPACHO PARA EL INFORME DEL EMBARGO', NULL, '2023-01-25 16:26:20', '1', NULL, NULL),
(55, 29, 'SEGUIMIENTO', 'PROYECTAR', '2023-01-24 03:27:22', '2023-01-25 15:00:00', 'EJECUCION', '0000-00-00 00:00:00', NULL, NULL, 'PROYECTAR MEMORIAL SOLICITANDO LA RESOLUCIÓN', '7', 0, NULL, NULL, '2023-01-24 15:28:06', '1', NULL, NULL),
(56, 26, 'SEGUIMIENTO', 'SEGUIMIENTO', '2023-01-24 03:28:10', '2023-01-25 15:00:00', 'FINALIZADO', '0000-00-00 00:00:00', NULL, NULL, 'REVISAR RESOLUCIÓN', '7', 0, 'ENTRÓ A DESPACHO EN FECHA MARTES 24 DE ENERO DE 2023', NULL, '2023-01-25 12:03:19', '1', NULL, NULL),
(57, 20, 'SEGUIMIENTO', 'PROYECTAR', '2023-01-24 03:41:49', '2023-01-25 10:00:00', 'EJECUCION', '0000-00-00 00:00:00', NULL, NULL, 'PROYECTAR MEMORIAL DE CUPLO LO DISPUESTO, TE ENVIE LAS NOTAS', '4', 0, NULL, NULL, '2023-01-24 15:42:28', '1', NULL, NULL),
(58, 53, 'SEGUIMIENTO', 'SEGUIMIENTO', '2023-01-25 10:58:20', '2023-01-30 09:00:00', 'EJECUCION', '0000-00-00 00:00:00', NULL, NULL, 'REVISAR SI YA SALIÓ LA RESOLUCIÓN', '4', 0, NULL, NULL, '2023-01-25 11:00:52', '1', NULL, NULL),
(59, 52, 'SEGUIMIENTO', 'SEGUIMIENTO', '2023-01-25 11:02:30', '2023-01-30 09:00:00', 'EJECUCION', '0000-00-00 00:00:00', NULL, NULL, 'REVISAR EN LA AIT SI YA SALIÓ RESOLUCIÓN', '4', 0, NULL, NULL, '2023-01-25 11:03:10', '1', NULL, NULL),
(60, 51, 'SEGUIMIENTO', 'SEGUIMIENTO', '2023-01-25 11:04:48', '2023-01-30 09:00:00', 'EJECUCION', '0000-00-00 00:00:00', NULL, NULL, 'REVISAR EL ESTADO DEL CASO', '4', 0, NULL, NULL, '2023-01-25 11:05:20', '1', NULL, NULL),
(61, 50, 'SEGUIMIENTO', 'SEGUIMIENTO', '2023-01-25 11:06:26', '2023-12-30 09:00:00', 'EJECUCION', '0000-00-00 00:00:00', NULL, NULL, 'RECOGER EN LA AIT, EL AUTO DE ADMISIÓN Y REVISAR EL ESTADO DEL CASO', '4', 0, NULL, NULL, '2023-01-25 11:07:08', '1', NULL, NULL),
(62, 26, 'SEGUIMIENTO', 'SEGUIMIENTO', '2023-01-25 03:20:51', '2023-01-31 10:00:00', 'EJECUCION', '0000-00-00 00:00:00', NULL, NULL, 'REVISAR SI SALIÓ DE DESPACHO LA RESOLUCIÓN', '7', 0, NULL, NULL, '2023-01-25 15:21:41', '1', NULL, NULL),
(63, 38, 'SEGUIMIENTO', 'SEGUIMIENTO', '2023-01-25 03:26:43', '2023-01-30 13:00:00', 'EJECUCION', '0000-00-00 00:00:00', NULL, NULL, 'DE ACUERDO A LA INFORMACIÓN SE TIENE QUE ITCUP, SOLICITO AMPLIACIO DE PLAZO DONDE EL JUEZ CONCEDIÓ LO SOLICITADO EN UN PAZO DE 5 DIAS, MISMO QUE FUE NOTIFIADIO A LAS PARTES E ITCUP EN FECHA 20 DE ENERO DE 2023, POR LO QUE SE DEBE REVISAR EN LA FECHA ESTAB', '7', 0, NULL, NULL, '2023-01-25 15:28:19', '1', NULL, NULL),
(64, 47, 'SEGUIMIENTO', 'PRESENTAR', '2023-01-25 04:19:48', '0000-00-00 00:00:00', 'EJECUCION', '0000-00-00 00:00:00', NULL, NULL, 'SE PRESENTO LA SOLICITUD DE FOTOCOPIAS LEGALIZADAS', '10', 0, NULL, NULL, '2023-01-25 16:22:24', '10', NULL, NULL),
(65, 55, 'SEGUIMIENTO', 'SEGUIMIENTO', '2023-01-25 18:59:14', '0000-00-00 00:00:00', 'FINALIZADO', '0000-00-00 00:00:00', NULL, NULL, 'SE PRESENTO MEMORIAL DE SOLICITUD DE FOTOCOPIAS LEGALIZADAS QUE SE PRESENTO EN FECHA 25/01/20233', '10', 0, 'SE PRESENTO EL MEMORIAL AL JUZGADO DE SENTENCIA PENAL N.º6, SOLICITANDO FOTOCOPIAS LEGALIZADAS', NULL, '2023-01-26 12:08:39', '10', NULL, NULL),
(67, 42, 'SEGUIMIENTO', 'PRESENTAR', '2023-01-26 11:07:56', '0000-00-00 00:00:00', 'FINALIZADO', '0000-00-00 00:00:00', NULL, NULL, 'SE PRESENTO MEMORIAL A LA FISCALIA DE CORRUPCION COMO APERSONAMIENTO', '10', 0, 'SE  PRESENTO EL MEMORIAL A LA FISCALIA DE ADUANA, ESPERANDO LA RESPUESTA.', NULL, '2023-01-26 12:12:22', '10', NULL, NULL),
(68, 42, 'INICIO', 'PRESENTAR', '2023-01-26 12:01:48', '2023-01-27 14:00:00', 'FINALIZADO', '0000-00-00 00:00:00', NULL, NULL, 'PRESENTAR MEMORIAL DE APERSONAMIENTO', '10', 0, 'SE PRESENTO EL MEMORIAL A LA FISCALIA DE ADUANA EN FECHA 26/01/2023', NULL, '2023-01-26 12:04:43', '1', NULL, NULL),
(69, 42, 'SEGUIMIENTO', 'SEGUIMIENTO', '2023-01-26 12:11:55', '2023-01-30 15:00:00', 'EJECUCION', '0000-00-00 00:00:00', NULL, NULL, 'REVISAR LA RESPUESTA AL MEMORIAL PRESENTADO ', '10', 0, NULL, NULL, '2023-01-26 12:12:47', '1', NULL, NULL),
(70, 40, 'SEGUIMIENTO', 'SEGUIMIENTO', '2023-01-26 14:40:22', '2023-01-26 15:30:00', 'FINALIZADO', '0000-00-00 00:00:00', NULL, NULL, 'REVISAR DONDE EL FISCAL DE DISTRITO SIN YA SALIÓ LA RESOLUCIÓN JERARQUICA', '10', 0, 'SE PROCEDIO A HACER SEGUIMIENTO EN LA FISCALIA DE DONDE INDICARON QUE SE HABIA NOTIFICADO POR EDICTO A AMBAS PARTES, PERO QUE NO SE REMITIO A LA FISCALIA DEPARTAMENTAL, PORQUE NO TIENEN EL CUADERNO EN FISICO ESTA EXTRAVIADO.', NULL, '2023-01-27 16:14:31', '1', NULL, NULL),
(71, 28, 'INICIO', 'SEGUIMIENTO', '2023-01-26 14:42:38', '2023-01-30 10:00:00', 'EJECUCION', '0000-00-00 00:00:00', NULL, NULL, 'REVISAR SI YA SALIÓ LA RESPUESTA DE LA DEMANDA PRESENTADA', '4', 0, NULL, NULL, '2023-01-26 14:43:27', '1', NULL, NULL),
(72, 23, 'SEGUIMIENTO', 'SEGUIMIENTO', '2023-01-26 14:43:49', '2023-01-26 16:00:00', 'EJECUCION', '0000-00-00 00:00:00', NULL, NULL, 'INFORMAR EL ESTADO DEL CASO', '4', 0, NULL, NULL, '2023-01-26 14:44:27', '1', NULL, NULL),
(73, 20, 'SEGUIMIENTO', 'PRESENTAR', '2023-01-26 14:44:37', '2023-01-26 16:00:00', 'EJECUCION', '0000-00-00 00:00:00', NULL, NULL, 'PRESENTAR EL MEMORIAL CON LAS DIRECTRISIS ACORDADAS', '4', 0, NULL, NULL, '2023-01-26 14:45:20', '1', NULL, NULL),
(74, 16, 'SEGUIMIENTO', 'SEGUIMIENTO', '2023-01-26 14:45:48', '2023-02-01 15:00:00', 'EJECUCION', '0000-00-00 00:00:00', NULL, NULL, 'PRESENTAR MEMORIAL PIDIENDO LA EJECUTORIA DE LA SENTENCIA', '4', 0, NULL, NULL, '2023-01-26 14:47:27', '1', NULL, NULL);

-- --------------------------------------------------------

--
-- Estructura de tabla para la tabla `nota`
--

CREATE TABLE `nota` (
  `not_id` int(11) NOT NULL,
  `adm_id` int(11) DEFAULT NULL,
  `not_destino` int(11) DEFAULT NULL,
  `not_asunto` varchar(255) COLLATE utf8_spanish_ci DEFAULT NULL,
  `det_id` int(11) DEFAULT NULL,
  `not_mensaje` varchar(255) COLLATE utf8_spanish_ci DEFAULT NULL,
  `not_fecha_reg` datetime DEFAULT NULL,
  `not_estado` int(11) DEFAULT '0',
  `not_fecha_visto` datetime DEFAULT NULL
) ENGINE=InnoDB DEFAULT CHARSET=utf8 COLLATE=utf8_spanish_ci ROW_FORMAT=COMPACT;

-- --------------------------------------------------------

--
-- Estructura Stand-in para la vista `vista_hoja`
-- (Véase abajo para la vista actual)
--
CREATE TABLE `vista_hoja` (
`hoja_id` int(11)
,`hoja_numero_tramite` varchar(50)
,`ci_cliente` bigint(20)
,`celular_cliente` int(11)
,`hoja_demandante` varchar(255)
,`hoja_demandado` varchar(255)
,`hoja_patrocinio` varchar(255)
,`hoja_tipo_proceso` varchar(255)
,`hoja_num_juzgado` varchar(255)
,`hoja_num_sentencia` varchar(255)
,`hoja_id_proceso` varchar(255)
,`hoja_fiscalia_interno` varchar(255)
,`hoja_etapa` varchar(255)
,`hoja_observacion` varchar(255)
,`hoja_fecha_ingreso` varchar(50)
);

-- --------------------------------------------------------

--
-- Estructura Stand-in para la vista `vista_hoja_administrativo`
-- (Véase abajo para la vista actual)
--
CREATE TABLE `vista_hoja_administrativo` (
`hoja_id` int(11)
,`hoja_numero_tramite` varchar(50)
,`ci_cliente` bigint(20)
,`celular_cliente` int(11)
,`hoja_demandante` varchar(255)
,`hoja_demandado` varchar(255)
,`hoja_patrocinio` varchar(255)
,`hoja_tipo_proceso` varchar(255)
,`hoja_num_juzgado` varchar(255)
,`hoja_num_sentencia` varchar(255)
,`hoja_id_proceso` varchar(255)
,`hoja_fiscalia_interno` varchar(255)
,`hoja_etapa` varchar(255)
,`hoja_observacion` varchar(255)
,`hoja_fecha_ingreso` varchar(50)
);

-- --------------------------------------------------------

--
-- Estructura Stand-in para la vista `vista_hoja_aduana`
-- (Véase abajo para la vista actual)
--
CREATE TABLE `vista_hoja_aduana` (
`hoja_id` int(11)
,`hoja_numero_tramite` varchar(50)
,`ci_cliente` bigint(20)
,`celular_cliente` int(11)
,`hoja_demandante` varchar(255)
,`hoja_demandado` varchar(255)
,`hoja_patrocinio` varchar(255)
,`hoja_tipo_proceso` varchar(255)
,`hoja_num_juzgado` varchar(255)
,`hoja_num_sentencia` varchar(255)
,`hoja_id_proceso` varchar(255)
,`hoja_fiscalia_interno` varchar(255)
,`hoja_etapa` varchar(255)
,`hoja_observacion` varchar(255)
,`hoja_fecha_ingreso` varchar(50)
);

-- --------------------------------------------------------

--
-- Estructura Stand-in para la vista `vista_hoja_ait`
-- (Véase abajo para la vista actual)
--
CREATE TABLE `vista_hoja_ait` (
`hoja_id` int(11)
,`hoja_numero_tramite` varchar(50)
,`ci_cliente` bigint(20)
,`celular_cliente` int(11)
,`hoja_demandante` varchar(255)
,`hoja_demandado` varchar(255)
,`hoja_patrocinio` varchar(255)
,`hoja_tipo_proceso` varchar(255)
,`hoja_num_juzgado` varchar(255)
,`hoja_num_sentencia` varchar(255)
,`hoja_id_proceso` varchar(255)
,`hoja_fiscalia_interno` varchar(255)
,`hoja_etapa` varchar(255)
,`hoja_observacion` varchar(255)
,`hoja_fecha_ingreso` varchar(50)
);

-- --------------------------------------------------------

--
-- Estructura Stand-in para la vista `vista_hoja_civil`
-- (Véase abajo para la vista actual)
--
CREATE TABLE `vista_hoja_civil` (
`hoja_id` int(11)
,`hoja_numero_tramite` varchar(50)
,`ci_cliente` bigint(20)
,`celular_cliente` int(11)
,`hoja_demandante` varchar(255)
,`hoja_demandado` varchar(255)
,`hoja_patrocinio` varchar(255)
,`hoja_tipo_proceso` varchar(255)
,`hoja_num_juzgado` varchar(255)
,`hoja_num_sentencia` varchar(255)
,`hoja_id_proceso` varchar(255)
,`hoja_fiscalia_interno` varchar(255)
,`hoja_etapa` varchar(255)
,`hoja_observacion` varchar(255)
,`hoja_fecha_ingreso` varchar(50)
);

-- --------------------------------------------------------

--
-- Estructura Stand-in para la vista `vista_hoja_familia`
-- (Véase abajo para la vista actual)
--
CREATE TABLE `vista_hoja_familia` (
`hoja_id` int(11)
,`hoja_numero_tramite` varchar(50)
,`ci_cliente` bigint(20)
,`celular_cliente` int(11)
,`hoja_demandante` varchar(255)
,`hoja_demandado` varchar(255)
,`hoja_patrocinio` varchar(255)
,`hoja_tipo_proceso` varchar(255)
,`hoja_num_juzgado` varchar(255)
,`hoja_num_sentencia` varchar(255)
,`hoja_id_proceso` varchar(255)
,`hoja_fiscalia_interno` varchar(255)
,`hoja_etapa` varchar(255)
,`hoja_observacion` varchar(255)
,`hoja_fecha_ingreso` varchar(50)
);

-- --------------------------------------------------------

--
-- Estructura Stand-in para la vista `vista_hoja_penal`
-- (Véase abajo para la vista actual)
--
CREATE TABLE `vista_hoja_penal` (
`hoja_id` int(11)
,`hoja_numero_tramite` varchar(50)
,`ci_cliente` bigint(20)
,`celular_cliente` int(11)
,`hoja_demandante` varchar(255)
,`hoja_demandado` varchar(255)
,`hoja_patrocinio` varchar(255)
,`hoja_tipo_proceso` varchar(255)
,`hoja_num_juzgado` varchar(255)
,`hoja_num_sentencia` varchar(255)
,`hoja_id_proceso` varchar(255)
,`hoja_fiscalia_interno` varchar(255)
,`hoja_etapa` varchar(255)
,`hoja_observacion` varchar(255)
,`hoja_fecha_ingreso` varchar(50)
);

-- --------------------------------------------------------

--
-- Estructura Stand-in para la vista `vista_hoja_penaladuana`
-- (Véase abajo para la vista actual)
--
CREATE TABLE `vista_hoja_penaladuana` (
`hoja_id` int(11)
,`hoja_numero_tramite` varchar(50)
,`ci_cliente` bigint(20)
,`celular_cliente` int(11)
,`hoja_demandante` varchar(255)
,`hoja_demandado` varchar(255)
,`hoja_patrocinio` varchar(255)
,`hoja_tipo_proceso` varchar(255)
,`hoja_num_juzgado` varchar(255)
,`hoja_num_sentencia` varchar(255)
,`hoja_id_proceso` varchar(255)
,`hoja_fiscalia_interno` varchar(255)
,`hoja_etapa` varchar(255)
,`hoja_observacion` varchar(255)
,`hoja_fecha_ingreso` varchar(50)
);

-- --------------------------------------------------------

--
-- Estructura para la vista `vista_hoja`
--
DROP TABLE IF EXISTS `vista_hoja`;

CREATE ALGORITHM=UNDEFINED DEFINER=`jose`@`localhost` SQL SECURITY DEFINER VIEW `vista_hoja`  AS SELECT `hoja`.`hoja_id` AS `hoja_id`, `hoja`.`hoja_numero_tramite` AS `hoja_numero_tramite`, `cliente`.`cli_ci_nit` AS `ci_cliente`, `cliente`.`cli_celular` AS `celular_cliente`, `hoja`.`hoja_demandante` AS `hoja_demandante`, `hoja`.`hoja_demandado` AS `hoja_demandado`, `hoja`.`hoja_patrocinio` AS `hoja_patrocinio`, `hoja`.`hoja_tipo_proceso` AS `hoja_tipo_proceso`, `hoja`.`hoja_num_juzgado` AS `hoja_num_juzgado`, `hoja`.`hoja_num_sentencia` AS `hoja_num_sentencia`, `hoja`.`hoja_id_proceso` AS `hoja_id_proceso`, `hoja`.`hoja_fiscalia_interno` AS `hoja_fiscalia_interno`, `hoja`.`hoja_etapa` AS `hoja_etapa`, `hoja`.`hoja_observacion` AS `hoja_observacion`, `hoja`.`hoja_fecha_ingreso` AS `hoja_fecha_ingreso` FROM (`hoja` join `cliente`) WHERE (`hoja`.`cli_id` = `cliente`.`cli_id`) ;

-- --------------------------------------------------------

--
-- Estructura para la vista `vista_hoja_administrativo`
--
DROP TABLE IF EXISTS `vista_hoja_administrativo`;

CREATE ALGORITHM=UNDEFINED DEFINER=`jose`@`localhost` SQL SECURITY DEFINER VIEW `vista_hoja_administrativo`  AS SELECT `hoja`.`hoja_id` AS `hoja_id`, `hoja`.`hoja_numero_tramite` AS `hoja_numero_tramite`, `cliente`.`cli_ci_nit` AS `ci_cliente`, `cliente`.`cli_celular` AS `celular_cliente`, `hoja`.`hoja_demandante` AS `hoja_demandante`, `hoja`.`hoja_demandado` AS `hoja_demandado`, `hoja`.`hoja_patrocinio` AS `hoja_patrocinio`, `hoja`.`hoja_tipo_proceso` AS `hoja_tipo_proceso`, `hoja`.`hoja_num_juzgado` AS `hoja_num_juzgado`, `hoja`.`hoja_num_sentencia` AS `hoja_num_sentencia`, `hoja`.`hoja_id_proceso` AS `hoja_id_proceso`, `hoja`.`hoja_fiscalia_interno` AS `hoja_fiscalia_interno`, `hoja`.`hoja_etapa` AS `hoja_etapa`, `hoja`.`hoja_observacion` AS `hoja_observacion`, `hoja`.`hoja_fecha_ingreso` AS `hoja_fecha_ingreso` FROM (`hoja` join `cliente`) WHERE ((`hoja`.`cli_id` = `cliente`.`cli_id`) AND (`hoja`.`hoja_area_proceso` = 'ADMINISTRATIVO')) ;

-- --------------------------------------------------------

--
-- Estructura para la vista `vista_hoja_aduana`
--
DROP TABLE IF EXISTS `vista_hoja_aduana`;

CREATE ALGORITHM=UNDEFINED DEFINER=`jose`@`localhost` SQL SECURITY DEFINER VIEW `vista_hoja_aduana`  AS SELECT `hoja`.`hoja_id` AS `hoja_id`, `hoja`.`hoja_numero_tramite` AS `hoja_numero_tramite`, `cliente`.`cli_ci_nit` AS `ci_cliente`, `cliente`.`cli_celular` AS `celular_cliente`, `hoja`.`hoja_demandante` AS `hoja_demandante`, `hoja`.`hoja_demandado` AS `hoja_demandado`, `hoja`.`hoja_patrocinio` AS `hoja_patrocinio`, `hoja`.`hoja_tipo_proceso` AS `hoja_tipo_proceso`, `hoja`.`hoja_num_juzgado` AS `hoja_num_juzgado`, `hoja`.`hoja_num_sentencia` AS `hoja_num_sentencia`, `hoja`.`hoja_id_proceso` AS `hoja_id_proceso`, `hoja`.`hoja_fiscalia_interno` AS `hoja_fiscalia_interno`, `hoja`.`hoja_etapa` AS `hoja_etapa`, `hoja`.`hoja_observacion` AS `hoja_observacion`, `hoja`.`hoja_fecha_ingreso` AS `hoja_fecha_ingreso` FROM (`hoja` join `cliente`) WHERE ((`hoja`.`cli_id` = `cliente`.`cli_id`) AND (`hoja`.`hoja_area_proceso` = 'ADUANA')) ;

-- --------------------------------------------------------

--
-- Estructura para la vista `vista_hoja_ait`
--
DROP TABLE IF EXISTS `vista_hoja_ait`;

CREATE ALGORITHM=UNDEFINED DEFINER=`jose`@`localhost` SQL SECURITY DEFINER VIEW `vista_hoja_ait`  AS SELECT `hoja`.`hoja_id` AS `hoja_id`, `hoja`.`hoja_numero_tramite` AS `hoja_numero_tramite`, `cliente`.`cli_ci_nit` AS `ci_cliente`, `cliente`.`cli_celular` AS `celular_cliente`, `hoja`.`hoja_demandante` AS `hoja_demandante`, `hoja`.`hoja_demandado` AS `hoja_demandado`, `hoja`.`hoja_patrocinio` AS `hoja_patrocinio`, `hoja`.`hoja_tipo_proceso` AS `hoja_tipo_proceso`, `hoja`.`hoja_num_juzgado` AS `hoja_num_juzgado`, `hoja`.`hoja_num_sentencia` AS `hoja_num_sentencia`, `hoja`.`hoja_id_proceso` AS `hoja_id_proceso`, `hoja`.`hoja_fiscalia_interno` AS `hoja_fiscalia_interno`, `hoja`.`hoja_etapa` AS `hoja_etapa`, `hoja`.`hoja_observacion` AS `hoja_observacion`, `hoja`.`hoja_fecha_ingreso` AS `hoja_fecha_ingreso` FROM (`hoja` join `cliente`) WHERE ((`hoja`.`cli_id` = `cliente`.`cli_id`) AND (`hoja`.`hoja_area_proceso` = 'AIT')) ;

-- --------------------------------------------------------

--
-- Estructura para la vista `vista_hoja_civil`
--
DROP TABLE IF EXISTS `vista_hoja_civil`;

CREATE ALGORITHM=UNDEFINED DEFINER=`jose`@`localhost` SQL SECURITY DEFINER VIEW `vista_hoja_civil`  AS SELECT `hoja`.`hoja_id` AS `hoja_id`, `hoja`.`hoja_numero_tramite` AS `hoja_numero_tramite`, `cliente`.`cli_ci_nit` AS `ci_cliente`, `cliente`.`cli_celular` AS `celular_cliente`, `hoja`.`hoja_demandante` AS `hoja_demandante`, `hoja`.`hoja_demandado` AS `hoja_demandado`, `hoja`.`hoja_patrocinio` AS `hoja_patrocinio`, `hoja`.`hoja_tipo_proceso` AS `hoja_tipo_proceso`, `hoja`.`hoja_num_juzgado` AS `hoja_num_juzgado`, `hoja`.`hoja_num_sentencia` AS `hoja_num_sentencia`, `hoja`.`hoja_id_proceso` AS `hoja_id_proceso`, `hoja`.`hoja_fiscalia_interno` AS `hoja_fiscalia_interno`, `hoja`.`hoja_etapa` AS `hoja_etapa`, `hoja`.`hoja_observacion` AS `hoja_observacion`, `hoja`.`hoja_fecha_ingreso` AS `hoja_fecha_ingreso` FROM (`hoja` join `cliente`) WHERE ((`hoja`.`cli_id` = `cliente`.`cli_id`) AND (`hoja`.`hoja_area_proceso` = 'CIVIL')) ;

-- --------------------------------------------------------

--
-- Estructura para la vista `vista_hoja_familia`
--
DROP TABLE IF EXISTS `vista_hoja_familia`;

CREATE ALGORITHM=UNDEFINED DEFINER=`jose`@`localhost` SQL SECURITY DEFINER VIEW `vista_hoja_familia`  AS SELECT `hoja`.`hoja_id` AS `hoja_id`, `hoja`.`hoja_numero_tramite` AS `hoja_numero_tramite`, `cliente`.`cli_ci_nit` AS `ci_cliente`, `cliente`.`cli_celular` AS `celular_cliente`, `hoja`.`hoja_demandante` AS `hoja_demandante`, `hoja`.`hoja_demandado` AS `hoja_demandado`, `hoja`.`hoja_patrocinio` AS `hoja_patrocinio`, `hoja`.`hoja_tipo_proceso` AS `hoja_tipo_proceso`, `hoja`.`hoja_num_juzgado` AS `hoja_num_juzgado`, `hoja`.`hoja_num_sentencia` AS `hoja_num_sentencia`, `hoja`.`hoja_id_proceso` AS `hoja_id_proceso`, `hoja`.`hoja_fiscalia_interno` AS `hoja_fiscalia_interno`, `hoja`.`hoja_etapa` AS `hoja_etapa`, `hoja`.`hoja_observacion` AS `hoja_observacion`, `hoja`.`hoja_fecha_ingreso` AS `hoja_fecha_ingreso` FROM (`hoja` join `cliente`) WHERE ((`hoja`.`cli_id` = `cliente`.`cli_id`) AND (`hoja`.`hoja_area_proceso` = 'FAMILIA')) ;

-- --------------------------------------------------------

--
-- Estructura para la vista `vista_hoja_penal`
--
DROP TABLE IF EXISTS `vista_hoja_penal`;

CREATE ALGORITHM=UNDEFINED DEFINER=`jose`@`localhost` SQL SECURITY DEFINER VIEW `vista_hoja_penal`  AS SELECT `hoja`.`hoja_id` AS `hoja_id`, `hoja`.`hoja_numero_tramite` AS `hoja_numero_tramite`, `cliente`.`cli_ci_nit` AS `ci_cliente`, `cliente`.`cli_celular` AS `celular_cliente`, `hoja`.`hoja_demandante` AS `hoja_demandante`, `hoja`.`hoja_demandado` AS `hoja_demandado`, `hoja`.`hoja_patrocinio` AS `hoja_patrocinio`, `hoja`.`hoja_tipo_proceso` AS `hoja_tipo_proceso`, `hoja`.`hoja_num_juzgado` AS `hoja_num_juzgado`, `hoja`.`hoja_num_sentencia` AS `hoja_num_sentencia`, `hoja`.`hoja_id_proceso` AS `hoja_id_proceso`, `hoja`.`hoja_fiscalia_interno` AS `hoja_fiscalia_interno`, `hoja`.`hoja_etapa` AS `hoja_etapa`, `hoja`.`hoja_observacion` AS `hoja_observacion`, `hoja`.`hoja_fecha_ingreso` AS `hoja_fecha_ingreso` FROM (`hoja` join `cliente`) WHERE ((`hoja`.`cli_id` = `cliente`.`cli_id`) AND (`hoja`.`hoja_area_proceso` = 'PENAL')) ;

-- --------------------------------------------------------

--
-- Estructura para la vista `vista_hoja_penaladuana`
--
DROP TABLE IF EXISTS `vista_hoja_penaladuana`;

CREATE ALGORITHM=UNDEFINED DEFINER=`jose`@`localhost` SQL SECURITY DEFINER VIEW `vista_hoja_penaladuana`  AS SELECT `hoja`.`hoja_id` AS `hoja_id`, `hoja`.`hoja_numero_tramite` AS `hoja_numero_tramite`, `cliente`.`cli_ci_nit` AS `ci_cliente`, `cliente`.`cli_celular` AS `celular_cliente`, `hoja`.`hoja_demandante` AS `hoja_demandante`, `hoja`.`hoja_demandado` AS `hoja_demandado`, `hoja`.`hoja_patrocinio` AS `hoja_patrocinio`, `hoja`.`hoja_tipo_proceso` AS `hoja_tipo_proceso`, `hoja`.`hoja_num_juzgado` AS `hoja_num_juzgado`, `hoja`.`hoja_num_sentencia` AS `hoja_num_sentencia`, `hoja`.`hoja_id_proceso` AS `hoja_id_proceso`, `hoja`.`hoja_fiscalia_interno` AS `hoja_fiscalia_interno`, `hoja`.`hoja_etapa` AS `hoja_etapa`, `hoja`.`hoja_observacion` AS `hoja_observacion`, `hoja`.`hoja_fecha_ingreso` AS `hoja_fecha_ingreso` FROM (`hoja` join `cliente`) WHERE ((`hoja`.`cli_id` = `cliente`.`cli_id`) AND (`hoja`.`hoja_area_proceso` = 'PENAL ADUANERO')) ;

--
-- Índices para tablas volcadas
--

--
-- Indices de la tabla `administrador`
--
ALTER TABLE `administrador`
  ADD PRIMARY KEY (`adm_id`) USING BTREE;

--
-- Indices de la tabla `archivo`
--
ALTER TABLE `archivo`
  ADD PRIMARY KEY (`arch_id`) USING BTREE;

--
-- Indices de la tabla `caja`
--
ALTER TABLE `caja`
  ADD PRIMARY KEY (`caja_id`) USING BTREE;

--
-- Indices de la tabla `cliente`
--
ALTER TABLE `cliente`
  ADD PRIMARY KEY (`cli_id`) USING BTREE;

--
-- Indices de la tabla `compra`
--
ALTER TABLE `compra`
  ADD PRIMARY KEY (`comp_id`) USING BTREE;

--
-- Indices de la tabla `detalle_factura`
--
ALTER TABLE `detalle_factura`
  ADD PRIMARY KEY (`det_id`) USING BTREE;

--
-- Indices de la tabla `eventos`
--
ALTER TABLE `eventos`
  ADD PRIMARY KEY (`id`) USING BTREE;

--
-- Indices de la tabla `factura`
--
ALTER TABLE `factura`
  ADD PRIMARY KEY (`fac_id`) USING BTREE;

--
-- Indices de la tabla `hoja`
--
ALTER TABLE `hoja`
  ADD PRIMARY KEY (`hoja_id`);

--
-- Indices de la tabla `hoja_detalle`
--
ALTER TABLE `hoja_detalle`
  ADD PRIMARY KEY (`det_id`) USING BTREE;

--
-- Indices de la tabla `nota`
--
ALTER TABLE `nota`
  ADD PRIMARY KEY (`not_id`) USING BTREE;

--
-- AUTO_INCREMENT de las tablas volcadas
--

--
-- AUTO_INCREMENT de la tabla `administrador`
--
ALTER TABLE `administrador`
  MODIFY `adm_id` int(11) NOT NULL AUTO_INCREMENT, AUTO_INCREMENT=12;

--
-- AUTO_INCREMENT de la tabla `archivo`
--
ALTER TABLE `archivo`
  MODIFY `arch_id` int(11) NOT NULL AUTO_INCREMENT;

--
-- AUTO_INCREMENT de la tabla `caja`
--
ALTER TABLE `caja`
  MODIFY `caja_id` int(11) NOT NULL AUTO_INCREMENT;

--
-- AUTO_INCREMENT de la tabla `cliente`
--
ALTER TABLE `cliente`
  MODIFY `cli_id` int(11) NOT NULL AUTO_INCREMENT, AUTO_INCREMENT=37;

--
-- AUTO_INCREMENT de la tabla `compra`
--
ALTER TABLE `compra`
  MODIFY `comp_id` int(11) NOT NULL AUTO_INCREMENT;

--
-- AUTO_INCREMENT de la tabla `detalle_factura`
--
ALTER TABLE `detalle_factura`
  MODIFY `det_id` int(11) NOT NULL AUTO_INCREMENT;

--
-- AUTO_INCREMENT de la tabla `eventos`
--
ALTER TABLE `eventos`
  MODIFY `id` int(11) NOT NULL AUTO_INCREMENT, AUTO_INCREMENT=57;

--
-- AUTO_INCREMENT de la tabla `factura`
--
ALTER TABLE `factura`
  MODIFY `fac_id` int(11) NOT NULL AUTO_INCREMENT;

--
-- AUTO_INCREMENT de la tabla `hoja`
--
ALTER TABLE `hoja`
  MODIFY `hoja_id` int(11) NOT NULL AUTO_INCREMENT, AUTO_INCREMENT=57;

--
-- AUTO_INCREMENT de la tabla `hoja_detalle`
--
ALTER TABLE `hoja_detalle`
  MODIFY `det_id` int(11) NOT NULL AUTO_INCREMENT, AUTO_INCREMENT=76;

--
-- AUTO_INCREMENT de la tabla `nota`
--
ALTER TABLE `nota`
  MODIFY `not_id` int(11) NOT NULL AUTO_INCREMENT;
COMMIT;

/*!40101 SET CHARACTER_SET_CLIENT=@OLD_CHARACTER_SET_CLIENT */;
/*!40101 SET CHARACTER_SET_RESULTS=@OLD_CHARACTER_SET_RESULTS */;
/*!40101 SET COLLATION_CONNECTION=@OLD_COLLATION_CONNECTION */;
